Frame,Division frame,Daughter ID,Mother ID,Generation,Origin ID,Sister IDs
0,1,1,-1,-2,1,
0,1,2,-1,-2,2,
1,1,1,-1,-2,1,
1,1,2,-1,-2,2,
2,1,1,-1,-2,1,
2,1,2,-1,-2,2,
3,1,1,-1,-2,1,
3,1,2,-1,-2,2,
4,1,1,-1,-2,1,
4,1,2,-1,-2,2,
5,1,1,-1,-2,1,
5,1,2,-1,-2,2,
6,1,1,-1,-2,1,
6,1,2,-1,-2,2,
7,1,1,-1,-2,1,
7,1,2,-1,-2,2,
8,1,1,-1,-2,1,
8,1,2,-1,-2,2,
9,1,1,-1,-2,1,
9,1,2,-1,-2,2,
10,1,1,-1,-2,1,
10,1,2,-1,-2,2,
11,1,1,-1,-2,1,
11,1,2,-1,-2,2,
12,1,1,-1,-2,1,
12,1,2,-1,-2,2,
13,1,1,-1,-2,1,
13,1,2,-1,-2,2,
14,1,1,-1,-2,1,
14,1,2,-1,-2,2,
15,1,1,-1,-2,1,
15,1,2,-1,-2,2,
16,1,1,-1,-2,1,
16,1,2,-1,-2,2,
17,1,1,-1,-2,1,
17,1,2,-1,-2,2,
18,1,1,-1,-2,1,
18,1,2,-1,-2,2,
19,1,1,-1,-2,1,
19,1,2,-1,-2,2,
20,1,1,-1,-2,1,
20,1,2,-1,-2,2,
21,1,1,-1,-2,1,
21,1,2,-1,-2,2,
22,1,1,-1,-2,1,
22,1,2,-1,-2,2,
23,1,1,-1,-2,1,
23,1,2,-1,-2,2,
24,1,1,-1,-2,1,
24,1,2,-1,-2,2,
25,1,1,-1,-2,1,
25,1,2,-1,-2,2,
26,1,1,-1,-2,1,
26,1,2,-1,-2,2,
27,1,1,-1,-2,1,
27,1,2,-1,-2,2,
28,1,1,-1,-2,1,
28,1,2,-1,-2,2,
29,1,1,-1,-2,1,
29,1,2,-1,-2,2,
30,1,1,-1,-2,1,
30,1,2,-1,-2,2,
31,1,1,-1,-2,1,
31,1,2,-1,-2,2,
32,1,1,-1,-2,1,
32,1,2,-1,-2,2,
33,1,1,-1,-2,1,
33,1,2,-1,-2,2,
34,1,1,-1,-2,1,
34,1,2,-1,-2,2,
35,1,1,-1,-2,1,
35,1,2,-1,-2,2,
36,1,1,-1,-2,1,
36,1,2,-1,-2,2,
37,1,1,-1,-2,1,
37,1,2,-1,-2,2,
38,1,1,-1,-2,1,
38,1,2,-1,-2,2,
39,1,1,-1,-2,1,
39,1,2,-1,-2,2,
40,1,1,-1,-2,1,
40,1,2,-1,-2,2,
41,1,1,-1,-2,1,
41,1,2,-1,-2,2,
42,1,1,-1,-2,1,
42,1,2,-1,-2,2,
43,1,1,-1,-2,1,
43,1,2,-1,-2,2,
44,1,1,-1,-2,1,
44,1,2,-1,-2,2,
45,1,1,-1,-2,1,
45,1,2,-1,-2,2,
46,1,1,-1,-2,1,
46,1,2,-1,-2,2,
47,1,1,-1,-2,1,
47,1,2,-1,-2,2,
48,1,1,-1,-2,1,
48,1,2,-1,-2,2,
49,1,1,-1,-2,1,
49,1,2,-1,-2,2,
50,1,1,-1,-2,1,
50,1,2,-1,-2,2,
51,1,1,-1,-2,1,
51,1,2,-1,-2,2,
52,1,1,-1,-2,1,
52,1,2,-1,-2,2,
53,1,1,-1,-2,1,
53,1,2,-1,-2,2,
54,1,1,-1,-2,1,
54,1,2,-1,-2,2,
55,1,1,-1,-2,1,
55,1,2,-1,-2,2,
56,1,1,-1,-2,1,
56,1,2,-1,-2,2,
57,1,1,-1,-2,1,
57,1,2,-1,-2,2,
58,1,1,-1,-2,1,
58,1,2,-1,-2,2,
59,1,1,-1,-2,1,
59,1,2,-1,-2,2,
60,1,1,-1,-2,1,
60,1,2,-1,-2,2,
61,1,1,-1,-2,1,
61,1,2,-1,-2,2,
62,1,1,-1,-2,1,
62,1,2,-1,-2,2,
63,1,1,-1,-2,1,
63,1,2,-1,-2,2,
64,1,1,-1,-2,1,
64,1,2,-1,-2,2,
65,1,1,-1,-2,1,
65,1,2,-1,-2,2,
66,1,1,-1,-2,1,
66,1,2,-1,-2,2,
67,1,1,-1,-2,1,
67,1,2,-1,-2,2,
68,1,1,-1,-2,1,
68,1,2,-1,-2,2,
69,1,1,-1,-2,1,
69,1,2,-1,-2,2,
70,1,1,-1,-2,1,
70,1,2,-1,-2,2,
71,1,1,-1,-2,1,
71,1,2,-1,-2,2,
72,1,1,-1,-2,1,
72,1,2,-1,-2,2,
73,1,1,-1,-2,1,
73,1,2,-1,-2,2,
74,1,1,-1,-2,1,
74,1,2,-1,-2,2,
75,1,1,-1,-2,1,
75,1,2,-1,-2,2,
76,1,1,-1,-2,1,
76,1,2,-1,-2,2,
77,1,1,-1,-2,1,
77,1,2,-1,-2,2,
78,1,1,-1,-2,1,
78,1,2,-1,-2,2,
79,1,1,-1,-2,1,
79,1,2,-1,-2,2,
80,1,1,-1,-2,1,
80,1,2,-1,-2,2,
81,1,1,-1,-2,1,
81,1,2,-1,-2,2,
82,1,1,-1,-2,1,
82,1,2,-1,-2,2,
83,1,1,-1,-2,1,
83,1,2,-1,-2,2,
84,1,1,-1,-2,1,
84,1,2,-1,-2,2,
85,1,1,-1,-2,1,
85,1,2,-1,-2,2,
86,1,1,-1,-2,1,
86,1,2,-1,-2,2,
87,1,1,-1,-2,1,
87,1,2,-1,-2,2,
88,1,1,-1,-2,1,
88,1,2,-1,-2,2,
89,1,1,-1,-2,1,
89,1,2,-1,-2,2,
90,1,1,-1,-2,1,
90,1,2,-1,-2,2,
91,1,1,-1,-2,1,
91,1,2,-1,-2,2,
92,1,1,-1,-2,1,
92,1,2,-1,-2,2,
93,1,1,-1,-2,1,
93,1,2,-1,-2,2,
94,1,1,-1,-2,1,
94,1,2,-1,-2,2,
95,1,1,-1,-2,1,
95,1,2,-1,-2,2,
96,1,1,-1,-2,1,
96,1,2,-1,-2,2,
97,1,1,-1,-2,1,
97,1,2,-1,-2,2,
98,1,1,-1,-2,1,
98,1,2,-1,-2,2,
99,1,1,-1,-2,1,
99,1,2,-1,-2,2,
100,1,1,-1,-2,1,
100,1,2,-1,-2,2,
101,1,1,-1,-2,1,
101,1,2,-1,-2,2,
102,1,1,-1,-2,1,
102,1,2,-1,-2,2,
103,1,1,-1,-2,1,
103,1,2,-1,-2,2,
104,1,1,-1,-2,1,
104,1,2,-1,-2,2,
105,1,1,-1,-2,1,
105,1,2,-1,-2,2,
106,1,1,-1,-2,1,
106,1,2,-1,-2,2,
107,1,1,-1,-2,1,
107,1,2,-1,-2,2,
108,1,1,-1,-2,1,
108,1,2,-1,-2,2,
109,1,1,-1,-2,1,
109,1,2,-1,-2,2,
110,1,1,-1,-2,1,
110,1,2,-1,-2,2,
111,1,1,-1,-2,1,
111,1,2,-1,-2,2,
112,1,1,-1,-2,1,
112,1,2,-1,-2,2,
113,1,1,-1,-2,1,
113,1,2,-1,-2,2,
114,1,1,-1,-2,1,
114,1,2,-1,-2,2,
115,1,1,-1,-2,1,
115,1,2,-1,-2,2,
116,1,1,-1,-2,1,
116,1,2,-1,-2,2,
117,1,1,-1,-2,1,
117,1,2,-1,-2,2,
118,1,1,-1,-2,1,
118,1,2,-1,-2,2,
119,1,1,-1,-2,1,
119,1,2,-1,-2,2,
120,1,1,-1,-2,1,
120,1,2,-1,-2,2,
121,1,1,-1,-2,1,
121,1,2,-1,-2,2,
122,1,1,-1,-2,1,
122,1,2,-1,-2,2,
123,1,1,-1,-2,1,
123,1,2,-1,-2,2,
124,1,1,-1,-2,1,
124,1,2,-1,-2,2,
125,1,1,-1,-2,1,
125,1,2,-1,-2,2,
126,1,1,-1,-2,1,
126,1,2,-1,-2,2,
127,1,1,-1,-2,1,
127,1,2,-1,-2,2,
128,1,1,-1,-2,1,
128,1,2,-1,-2,2,
129,1,1,-1,-2,1,
129,1,2,-1,-2,2,
130,1,1,-1,-2,1,
130,1,2,-1,-2,2,
131,1,1,-1,-2,1,
131,1,2,-1,-2,2,
132,1,1,-1,-2,1,
132,1,2,-1,-2,2,
133,1,1,-1,-2,1,
133,1,2,-1,-2,2,
134,1,1,-1,-2,1,
134,1,2,-1,-2,2,
135,1,1,-1,-2,1,
135,1,2,-1,-2,2,
136,1,1,-1,-2,1,
136,1,2,-1,-2,2,
137,1,1,-1,-2,1,
137,1,2,-1,-2,2,
138,1,1,-1,-2,1,
138,1,2,-1,-2,2,
139,1,1,-1,-2,1,
139,1,2,-1,-2,2,
140,1,1,-1,-2,1,
140,1,2,-1,-2,2,
141,1,1,-1,-2,1,
141,1,2,-1,-2,2,
142,1,1,-1,-2,1,
142,1,2,-1,-2,2,
143,1,1,-1,-2,1,
143,1,2,-1,-2,2,
144,1,1,-1,-2,1,
144,1,2,-1,-2,2,
145,1,1,-1,-2,1,
145,1,2,-1,-2,2,
146,1,1,-1,-2,1,
146,1,2,-1,-2,2,
147,1,1,-1,-2,1,
147,1,2,-1,-2,2,
148,1,1,-1,-2,1,
148,1,2,-1,-2,2,
149,1,1,-1,-2,1,
149,1,2,-1,-2,2,
150,1,1,-1,-2,1,
150,1,2,-1,-2,2,
151,1,1,-1,-2,1,
151,1,2,-1,-2,2,
152,1,1,-1,-2,1,
152,1,2,-1,-2,2,
153,1,1,-1,-2,1,
153,1,2,-1,-2,2,
154,1,1,-1,-2,1,
154,1,2,-1,-2,2,
155,1,1,-1,-2,1,
155,1,2,-1,-2,2,
156,1,1,-1,-2,1,
156,1,2,-1,-2,2,
157,1,1,-1,-2,1,
157,1,2,-1,-2,2,
158,1,1,-1,-2,1,
158,1,2,-1,-2,2,
159,1,1,-1,-2,1,
159,1,2,-1,-2,2,
160,1,1,-1,-2,1,
160,1,2,-1,-2,2,
161,1,1,-1,-2,1,
161,1,2,-1,-2,2,
162,1,1,-1,-2,1,
162,1,2,-1,-2,2,
163,1,1,-1,-2,1,
163,1,2,-1,-2,2,
164,1,1,-1,-2,1,
164,1,2,-1,-2,2,
165,1,1,-1,-2,1,
165,1,2,-1,-2,2,
166,1,1,-1,-2,1,
166,1,2,-1,-2,2,
167,1,1,-1,-2,1,
167,1,2,-1,-2,2,
168,1,1,-1,-2,1,
168,1,2,-1,-2,2,
169,1,1,-1,-2,1,
169,1,2,-1,-2,2,
170,1,1,-1,-2,1,
170,1,2,-1,-2,2,
171,1,1,-1,-2,1,
171,1,2,-1,-2,2,
172,1,1,-1,-2,1,
172,1,2,-1,-2,2,
173,1,1,-1,-2,1,
173,1,2,-1,-2,2,
174,1,1,-1,-2,1,
174,1,2,-1,-2,2,
175,1,1,-1,-2,1,
175,1,2,-1,-2,2,
176,1,1,-1,-2,1,
176,1,2,-1,-2,2,
177,1,1,-1,-2,1,
177,1,2,-1,-2,2,
178,1,1,-1,-2,1,
178,1,2,-1,-2,2,
179,1,1,-1,-2,1,
179,1,2,-1,-2,2,
180,1,1,-1,-2,1,
180,1,2,-1,-2,2,
181,1,1,-1,-2,1,
181,1,2,-1,-2,2,
182,1,1,-1,-2,1,
182,1,2,-1,-2,2,
183,1,1,-1,-2,1,
183,1,2,-1,-2,2,
184,1,1,-1,-2,1,
184,1,2,-1,-2,2,
185,1,1,-1,-2,1,
185,1,2,-1,-2,2,
186,1,1,-1,-2,1,
186,1,2,-1,-2,2,
187,1,1,-1,-2,1,
187,1,2,-1,-2,2,
188,1,1,-1,-2,1,
188,1,2,-1,-2,2,
189,1,1,-1,-2,1,
189,1,2,-1,-2,2,
190,1,1,-1,-2,1,
190,1,2,-1,-2,2,
191,1,1,-1,-2,1,
191,1,2,-1,-2,2,
192,1,1,-1,-2,1,
192,1,2,-1,-2,2,
193,1,1,-1,-2,1,
193,1,2,-1,-2,2,
194,1,1,-1,-2,1,
194,1,2,-1,-2,2,
195,1,1,-1,-2,1,
195,1,2,-1,-2,2,
196,1,1,-1,-2,1,
196,1,2,-1,-2,2,
197,1,1,-1,-2,1,
197,1,2,-1,-2,2,
198,1,1,-1,-2,1,
198,1,2,-1,-2,2,
199,1,1,-1,-2,1,
199,1,2,-1,-2,2,
200,1,1,-1,-2,1,
200,1,2,-1,-2,2,
201,1,1,-1,-2,1,
201,1,2,-1,-2,2,
202,1,1,-1,-2,1,
202,1,2,-1,-2,2,
203,1,1,-1,-2,1,
203,1,2,-1,-2,2,
204,1,1,-1,-2,1,
204,1,2,-1,-2,2,
205,1,1,-1,-2,1,
205,1,2,-1,-2,2,
206,1,1,-1,-2,1,
206,1,2,-1,-2,2,
207,1,1,-1,-2,1,
207,1,2,-1,-2,2,
208,1,1,-1,-2,1,
208,1,2,-1,-2,2,
209,1,1,-1,-2,1,
209,1,2,-1,-2,2,
210,1,1,-1,-2,1,
210,1,2,-1,-2,2,
211,1,1,-1,-2,1,
211,1,2,-1,-2,2,
212,1,1,-1,-2,1,
212,1,2,-1,-2,2,
213,1,1,-1,-2,1,
213,1,2,-1,-2,2,
214,1,1,-1,-2,1,
214,1,2,-1,-2,2,
215,1,1,-1,-2,1,
215,1,2,-1,-2,2,
216,1,1,-1,-2,1,
216,1,2,-1,-2,2,
217,1,1,-1,-2,1,
217,1,2,-1,-2,2,
218,1,1,-1,-2,1,
218,1,2,-1,-2,2,
219,1,1,-1,-2,1,
219,1,2,-1,-2,2,
220,1,1,-1,-2,1,
220,1,2,-1,-2,2,
221,1,1,-1,-2,1,
221,1,2,-1,-2,2,
222,1,1,-1,-2,1,
222,1,2,-1,-2,2,
223,1,1,-1,-2,1,
223,1,2,-1,-2,2,
224,1,1,-1,-2,1,
224,1,2,-1,-2,2,
225,1,1,-1,-2,1,
225,1,2,-1,-2,2,
226,1,1,-1,-2,1,
226,1,2,-1,-2,2,
227,1,1,-1,-2,1,
227,1,2,-1,-2,2,
228,1,1,-1,-2,1,
228,1,2,-1,-2,2,
229,1,1,-1,-2,1,
229,1,2,-1,-2,2,
230,1,1,-1,-2,1,
230,1,2,-1,-2,2,
231,1,1,-1,-2,1,
231,1,2,-1,-2,2,
232,1,1,-1,-2,1,
232,1,2,-1,-2,2,
233,1,1,-1,-2,1,
233,1,2,-1,-2,2,
234,1,1,-1,-2,1,
234,1,2,-1,-2,2,
235,1,1,-1,-2,1,
235,1,2,-1,-2,2,
236,1,1,-1,-2,1,
236,1,2,-1,-2,2,
237,1,1,-1,-2,1,
237,1,2,-1,-2,2,
238,1,1,-1,-2,1,
238,1,2,-1,-2,2,
239,1,1,-1,-2,1,
239,1,2,-1,-2,2,
240,1,1,-1,-2,1,
240,1,2,-1,-2,2,
241,1,1,-1,-2,1,
241,1,2,-1,-2,2,
242,1,1,-1,-2,1,
242,1,2,-1,-2,2,
243,1,1,-1,-2,1,
243,1,2,-1,-2,2,
244,1,1,-1,-2,1,
244,1,2,-1,-2,2,
245,1,1,-1,-2,1,
245,1,2,-1,-2,2,
246,1,1,-1,-2,1,
246,1,2,-1,-2,2,
247,1,1,-1,-2,1,
247,1,2,-1,-2,2,
248,1,1,-1,-2,1,
248,1,2,-1,-2,2,
248,248,5,2,1,2,[6]
248,248,6,2,1,2,[5]
249,1,1,-1,-2,1,
249,1,2,-1,-2,2,
249,248,5,2,1,2,[6]
249,248,6,2,1,2,[5]
250,1,1,-1,-2,1,
250,1,2,-1,-2,2,
250,248,5,2,1,2,[6]
250,248,6,2,1,2,[5]
251,1,1,-1,-2,1,
251,1,2,-1,-2,2,
251,248,5,2,1,2,[6]
251,248,6,2,1,2,[5]
252,1,1,-1,-2,1,
252,1,2,-1,-2,2,
252,248,5,2,1,2,[6]
252,248,6,2,1,2,[5]
253,1,1,-1,-2,1,
253,1,2,-1,-2,2,
253,248,5,2,1,2,[6]
253,248,6,2,1,2,[5]
254,1,1,-1,-2,1,
254,1,2,-1,-2,2,
254,248,5,2,1,2,[6]
254,248,6,2,1,2,[5]
255,1,1,-1,-2,1,
255,1,2,-1,-2,2,
255,248,5,2,1,2,[6]
255,248,6,2,1,2,[5]
256,1,1,-1,-2,1,
256,1,2,-1,-2,2,
256,248,5,2,1,2,[6]
256,248,6,2,1,2,[5]
257,1,1,-1,-2,1,
257,1,2,-1,-2,2,
257,248,5,2,1,2,[6]
257,248,6,2,1,2,[5]
258,1,1,-1,-2,1,
258,1,2,-1,-2,2,
258,248,5,2,1,2,[6]
258,248,6,2,1,2,[5]
259,1,1,-1,-2,1,
259,1,2,-1,-2,2,
259,248,5,2,1,2,[6]
259,248,6,2,1,2,[5]
260,1,1,-1,-2,1,
260,1,2,-1,-2,2,
260,248,5,2,1,2,[6]
260,248,6,2,1,2,[5]
261,1,1,-1,-2,1,
261,1,2,-1,-2,2,
261,248,5,2,1,2,[6]
261,248,6,2,1,2,[5]
262,1,1,-1,-2,1,
262,1,2,-1,-2,2,
262,248,5,2,1,2,[6]
262,248,6,2,1,2,[5]
263,1,1,-1,-2,1,
263,1,2,-1,-2,2,
263,248,5,2,1,2,[6]
263,248,6,2,1,2,[5]
264,1,1,-1,-2,1,
264,1,2,-1,-2,2,
264,248,5,2,1,2,[6]
264,248,6,2,1,2,[5]
265,1,1,-1,-2,1,
265,1,2,-1,-2,2,
265,248,5,2,1,2,[6]
265,248,6,2,1,2,[5]
266,1,1,-1,-2,1,
266,1,2,-1,-2,2,
266,248,5,2,1,2,[6]
266,248,6,2,1,2,[5]
267,1,1,-1,-2,1,
267,1,2,-1,-2,2,
267,248,5,2,1,2,[6]
267,248,6,2,1,2,[5]
268,1,1,-1,-2,1,
268,1,2,-1,-2,2,
268,248,5,2,1,2,[6]
268,248,6,2,1,2,[5]
269,1,1,-1,-2,1,
269,1,2,-1,-2,2,
269,248,5,2,1,2,[6]
269,248,6,2,1,2,[5]
270,1,1,-1,-2,1,
270,1,2,-1,-2,2,
270,248,5,2,1,2,[6]
270,248,6,2,1,2,[5]
271,1,1,-1,-2,1,
271,1,2,-1,-2,2,
271,248,5,2,1,2,[6]
271,248,6,2,1,2,[5]
272,1,1,-1,-2,1,
272,1,2,-1,-2,2,
272,248,5,2,1,2,[6]
272,248,6,2,1,2,[5]
273,1,1,-1,-2,1,
273,1,2,-1,-2,2,
273,248,5,2,1,2,[6]
273,248,6,2,1,2,[5]
274,1,1,-1,-2,1,
274,1,2,-1,-2,2,
274,248,5,2,1,2,[6]
274,248,6,2,1,2,[5]
275,1,1,-1,-2,1,
275,1,2,-1,-2,2,
275,248,5,2,1,2,[6]
275,248,6,2,1,2,[5]
276,1,1,-1,-2,1,
276,1,2,-1,-2,2,
276,248,5,2,1,2,[6]
276,248,6,2,1,2,[5]
277,1,1,-1,-2,1,
277,1,2,-1,-2,2,
277,248,5,2,1,2,[6]
277,248,6,2,1,2,[5]
278,1,1,-1,-2,1,
278,1,2,-1,-2,2,
278,248,5,2,1,2,[6]
278,248,6,2,1,2,[5]
279,1,1,-1,-2,1,
279,1,2,-1,-2,2,
279,248,5,2,1,2,[6]
279,248,6,2,1,2,[5]
280,1,1,-1,-2,1,
280,1,2,-1,-2,2,
280,248,5,2,1,2,[6]
280,248,6,2,1,2,[5]
281,1,1,-1,-2,1,
281,1,2,-1,-2,2,
281,248,5,2,1,2,[6]
281,248,6,2,1,2,[5]
282,1,1,-1,-2,1,
282,1,2,-1,-2,2,
282,248,5,2,1,2,[6]
282,248,6,2,1,2,[5]
283,1,1,-1,-2,1,
283,1,2,-1,-2,2,
283,248,5,2,1,2,[6]
283,248,6,2,1,2,[5]
283,283,7,1,1,1,[8]
283,283,8,1,1,1,[7]
284,1,1,-1,-2,1,
284,1,2,-1,-2,2,
284,248,5,2,1,2,[6]
284,248,6,2,1,2,[5]
284,283,7,1,1,1,[8]
284,283,8,1,1,1,[7]
285,1,1,-1,-2,1,
285,1,2,-1,-2,2,
285,248,5,2,1,2,[6]
285,248,6,2,1,2,[5]
285,283,7,1,1,1,[8]
285,283,8,1,1,1,[7]
286,1,1,-1,-2,1,
286,1,2,-1,-2,2,
286,248,5,2,1,2,[6]
286,248,6,2,1,2,[5]
286,283,7,1,1,1,[8]
286,283,8,1,1,1,[7]
287,1,1,-1,-2,1,
287,1,2,-1,-2,2,
287,248,5,2,1,2,[6]
287,248,6,2,1,2,[5]
287,283,7,1,1,1,[8]
287,283,8,1,1,1,[7]
288,1,1,-1,-2,1,
288,1,2,-1,-2,2,
288,248,5,2,1,2,[6]
288,248,6,2,1,2,[5]
288,283,7,1,1,1,[8]
288,283,8,1,1,1,[7]
289,1,1,-1,-2,1,
289,1,2,-1,-2,2,
289,248,5,2,1,2,[6]
289,248,6,2,1,2,[5]
289,283,7,1,1,1,[8]
289,283,8,1,1,1,[7]
290,1,1,-1,-2,1,
290,1,2,-1,-2,2,
290,248,5,2,1,2,[6]
290,248,6,2,1,2,[5]
290,283,7,1,1,1,[8]
290,283,8,1,1,1,[7]
291,1,1,-1,-2,1,
291,1,2,-1,-2,2,
291,248,5,2,1,2,[6]
291,248,6,2,1,2,[5]
291,283,7,1,1,1,[8]
291,283,8,1,1,1,[7]
292,1,1,-1,-2,1,
292,1,2,-1,-2,2,
292,248,5,2,1,2,[6]
292,248,6,2,1,2,[5]
292,283,7,1,1,1,[8]
292,283,8,1,1,1,[7]
293,1,1,-1,-2,1,
293,1,2,-1,-2,2,
293,248,5,2,1,2,[6]
293,248,6,2,1,2,[5]
293,283,7,1,1,1,[8]
293,283,8,1,1,1,[7]
294,1,1,-1,-2,1,
294,1,2,-1,-2,2,
294,248,5,2,1,2,[6]
294,248,6,2,1,2,[5]
294,283,7,1,1,1,[8]
294,283,8,1,1,1,[7]
295,1,1,-1,-2,1,
295,1,2,-1,-2,2,
295,248,5,2,1,2,[6]
295,248,6,2,1,2,[5]
295,283,7,1,1,1,[8]
295,283,8,1,1,1,[7]
296,1,1,-1,-2,1,
296,1,2,-1,-2,2,
296,248,5,2,1,2,[6]
296,248,6,2,1,2,[5]
296,283,7,1,1,1,[8]
296,283,8,1,1,1,[7]
297,1,1,-1,-2,1,
297,1,2,-1,-2,2,
297,248,5,2,1,2,[6]
297,248,6,2,1,2,[5]
297,283,7,1,1,1,[8]
297,283,8,1,1,1,[7]
298,1,1,-1,-2,1,
298,1,2,-1,-2,2,
298,248,5,2,1,2,[6]
298,248,6,2,1,2,[5]
298,283,7,1,1,1,[8]
298,283,8,1,1,1,[7]
299,1,1,-1,-2,1,
299,1,2,-1,-2,2,
299,248,5,2,1,2,[6]
299,248,6,2,1,2,[5]
299,283,7,1,1,1,[8]
299,283,8,1,1,1,[7]
300,1,1,-1,-2,1,
300,1,2,-1,-2,2,
300,248,5,2,1,2,[6]
300,248,6,2,1,2,[5]
300,283,7,1,1,1,[8]
300,283,8,1,1,1,[7]
301,1,1,-1,-2,1,
301,1,2,-1,-2,2,
301,248,5,2,1,2,[6]
301,248,6,2,1,2,[5]
301,283,7,1,1,1,[8]
301,283,8,1,1,1,[7]
302,1,1,-1,-2,1,
302,1,2,-1,-2,2,
302,248,5,2,1,2,[6]
302,248,6,2,1,2,[5]
302,283,7,1,1,1,[8]
302,283,8,1,1,1,[7]
303,1,1,-1,-2,1,
303,1,2,-1,-2,2,
303,248,5,2,1,2,[6]
303,248,6,2,1,2,[5]
303,283,7,1,1,1,[8]
303,283,8,1,1,1,[7]
304,1,1,-1,-2,1,
304,1,2,-1,-2,2,
304,248,5,2,1,2,[6]
304,248,6,2,1,2,[5]
304,283,7,1,1,1,[8]
304,283,8,1,1,1,[7]
305,1,1,-1,-2,1,
305,1,2,-1,-2,2,
305,248,5,2,1,2,[6]
305,248,6,2,1,2,[5]
305,283,7,1,1,1,[8]
305,283,8,1,1,1,[7]
306,1,1,-1,-2,1,
306,1,2,-1,-2,2,
306,248,5,2,1,2,[6]
306,248,6,2,1,2,[5]
306,283,7,1,1,1,[8]
306,283,8,1,1,1,[7]
307,1,1,-1,-2,1,
307,1,2,-1,-2,2,
307,248,5,2,1,2,[6]
307,248,6,2,1,2,[5]
307,283,7,1,1,1,[8]
307,283,8,1,1,1,[7]
308,1,1,-1,-2,1,
308,1,2,-1,-2,2,
308,248,5,2,1,2,[6]
308,248,6,2,1,2,[5]
308,283,7,1,1,1,[8]
308,283,8,1,1,1,[7]
309,1,1,-1,-2,1,
309,1,2,-1,-2,2,
309,248,5,2,1,2,[6]
309,248,6,2,1,2,[5]
309,283,7,1,1,1,[8]
309,283,8,1,1,1,[7]
310,1,1,-1,-2,1,
310,1,2,-1,-2,2,
310,248,5,2,1,2,[6]
310,248,6,2,1,2,[5]
310,283,7,1,1,1,[8]
310,283,8,1,1,1,[7]
311,1,1,-1,-2,1,
311,1,2,-1,-2,2,
311,248,5,2,1,2,[6]
311,248,6,2,1,2,[5]
311,283,7,1,1,1,[8]
311,283,8,1,1,1,[7]
312,1,1,-1,-2,1,
312,1,2,-1,-2,2,
312,248,5,2,1,2,[6]
312,248,6,2,1,2,[5]
312,283,7,1,1,1,[8]
312,283,8,1,1,1,[7]
313,1,1,-1,-2,1,
313,1,2,-1,-2,2,
313,248,5,2,1,2,[6]
313,248,6,2,1,2,[5]
313,283,7,1,1,1,[8]
313,283,8,1,1,1,[7]
314,1,1,-1,-2,1,
314,1,2,-1,-2,2,
314,248,5,2,1,2,[6]
314,248,6,2,1,2,[5]
314,283,7,1,1,1,[8]
314,283,8,1,1,1,[7]
315,1,1,-1,-2,1,
315,1,2,-1,-2,2,
315,248,5,2,1,2,[6]
315,248,6,2,1,2,[5]
315,283,7,1,1,1,[8]
315,283,8,1,1,1,[7]
316,1,1,-1,-2,1,
316,1,2,-1,-2,2,
316,248,5,2,1,2,[6]
316,248,6,2,1,2,[5]
316,283,7,1,1,1,[8]
316,283,8,1,1,1,[7]
317,1,1,-1,-2,1,
317,1,2,-1,-2,2,
317,248,5,2,1,2,[6]
317,248,6,2,1,2,[5]
317,283,7,1,1,1,[8]
317,283,8,1,1,1,[7]
318,1,1,-1,-2,1,
318,1,2,-1,-2,2,
318,248,5,2,1,2,[6]
318,248,6,2,1,2,[5]
318,283,7,1,1,1,[8]
318,283,8,1,1,1,[7]
319,1,1,-1,-2,1,
319,1,2,-1,-2,2,
319,248,5,2,1,2,[6]
319,248,6,2,1,2,[5]
319,283,7,1,1,1,[8]
319,283,8,1,1,1,[7]
320,1,1,-1,-2,1,
320,1,2,-1,-2,2,
320,248,5,2,1,2,[6]
320,248,6,2,1,2,[5]
320,283,7,1,1,1,[8]
320,283,8,1,1,1,[7]
321,1,1,-1,-2,1,
321,1,2,-1,-2,2,
321,248,5,2,1,2,[6]
321,248,6,2,1,2,[5]
321,283,7,1,1,1,[8]
321,283,8,1,1,1,[7]
322,1,1,-1,-2,1,
322,1,2,-1,-2,2,
322,248,5,2,1,2,[6]
322,248,6,2,1,2,[5]
322,283,7,1,1,1,[8]
322,283,8,1,1,1,[7]
323,1,1,-1,-2,1,
323,1,2,-1,-2,2,
323,248,5,2,1,2,[6]
323,248,6,2,1,2,[5]
323,283,7,1,1,1,[8]
323,283,8,1,1,1,[7]
324,1,1,-1,-2,1,
324,1,2,-1,-2,2,
324,248,5,2,1,2,[6]
324,248,6,2,1,2,[5]
324,283,7,1,1,1,[8]
324,283,8,1,1,1,[7]
325,1,1,-1,-2,1,
325,1,2,-1,-2,2,
325,248,5,2,1,2,[6]
325,248,6,2,1,2,[5]
325,283,7,1,1,1,[8]
325,283,8,1,1,1,[7]
326,1,1,-1,-2,1,
326,1,2,-1,-2,2,
326,248,5,2,1,2,[6]
326,248,6,2,1,2,[5]
326,283,7,1,1,1,[8]
326,283,8,1,1,1,[7]
327,1,1,-1,-2,1,
327,1,2,-1,-2,2,
327,248,5,2,1,2,[6]
327,248,6,2,1,2,[5]
327,283,7,1,1,1,[8]
327,283,8,1,1,1,[7]
328,1,1,-1,-2,1,
328,1,2,-1,-2,2,
328,248,5,2,1,2,[6]
328,248,6,2,1,2,[5]
328,283,7,1,1,1,[8]
328,283,8,1,1,1,[7]
329,1,1,-1,-2,1,
329,1,2,-1,-2,2,
329,248,5,2,1,2,[6]
329,248,6,2,1,2,[5]
329,283,7,1,1,1,[8]
329,283,8,1,1,1,[7]
330,1,1,-1,-2,1,
330,1,2,-1,-2,2,
330,248,5,2,1,2,[6]
330,248,6,2,1,2,[5]
330,283,7,1,1,1,[8]
330,283,8,1,1,1,[7]
331,1,1,-1,-2,1,
331,1,2,-1,-2,2,
331,248,5,2,1,2,[6]
331,248,6,2,1,2,[5]
331,283,7,1,1,1,[8]
331,283,8,1,1,1,[7]
332,1,1,-1,-2,1,
332,1,2,-1,-2,2,
332,248,5,2,1,2,[6]
332,248,6,2,1,2,[5]
332,283,7,1,1,1,[8]
332,283,8,1,1,1,[7]
333,1,1,-1,-2,1,
333,1,2,-1,-2,2,
333,248,5,2,1,2,[6]
333,248,6,2,1,2,[5]
333,283,7,1,1,1,[8]
333,283,8,1,1,1,[7]
334,1,1,-1,-2,1,
334,1,2,-1,-2,2,
334,248,5,2,1,2,[6]
334,248,6,2,1,2,[5]
334,283,7,1,1,1,[8]
334,283,8,1,1,1,[7]
335,1,1,-1,-2,1,
335,1,2,-1,-2,2,
335,248,5,2,1,2,[6]
335,248,6,2,1,2,[5]
335,283,7,1,1,1,[8]
335,283,8,1,1,1,[7]
336,1,1,-1,-2,1,
336,1,2,-1,-2,2,
336,248,5,2,1,2,[6]
336,248,6,2,1,2,[5]
336,283,7,1,1,1,[8]
336,283,8,1,1,1,[7]
337,1,1,-1,-2,1,
337,1,2,-1,-2,2,
337,248,5,2,1,2,[6]
337,248,6,2,1,2,[5]
337,283,7,1,1,1,[8]
337,283,8,1,1,1,[7]
338,1,1,-1,-2,1,
338,1,2,-1,-2,2,
338,248,5,2,1,2,[6]
338,248,6,2,1,2,[5]
338,283,7,1,1,1,[8]
338,283,8,1,1,1,[7]
339,1,1,-1,-2,1,
339,1,2,-1,-2,2,
339,248,5,2,1,2,[6]
339,248,6,2,1,2,[5]
339,283,7,1,1,1,[8]
339,283,8,1,1,1,[7]
340,1,1,-1,-2,1,
340,1,2,-1,-2,2,
340,248,5,2,1,2,[6]
340,248,6,2,1,2,[5]
340,283,7,1,1,1,[8]
340,283,8,1,1,1,[7]
340,340,12,5,2,2,[13]
340,340,13,5,2,2,[12]
341,1,1,-1,-2,1,
341,1,2,-1,-2,2,
341,248,5,2,1,2,[6]
341,248,6,2,1,2,[5]
341,283,7,1,1,1,[8]
341,283,8,1,1,1,[7]
341,340,12,5,2,2,[13]
341,340,13,5,2,2,[12]
342,1,1,-1,-2,1,
342,1,2,-1,-2,2,
342,248,5,2,1,2,[6]
342,248,6,2,1,2,[5]
342,283,7,1,1,1,[8]
342,283,8,1,1,1,[7]
342,340,12,5,2,2,[13]
342,340,13,5,2,2,[12]
342,342,14,6,2,2,[15]
342,342,15,6,2,2,[14]
343,1,1,-1,-2,1,
343,1,2,-1,-2,2,
343,248,5,2,1,2,[6]
343,248,6,2,1,2,[5]
343,283,7,1,1,1,[8]
343,283,8,1,1,1,[7]
343,340,12,5,2,2,[13]
343,340,13,5,2,2,[12]
343,342,14,6,2,2,[15]
343,342,15,6,2,2,[14]
344,1,1,-1,-2,1,
344,1,2,-1,-2,2,
344,248,5,2,1,2,[6]
344,248,6,2,1,2,[5]
344,283,7,1,1,1,[8]
344,283,8,1,1,1,[7]
344,340,12,5,2,2,[13]
344,340,13,5,2,2,[12]
344,342,14,6,2,2,[15]
344,342,15,6,2,2,[14]
345,1,1,-1,-2,1,
345,1,2,-1,-2,2,
345,248,5,2,1,2,[6]
345,248,6,2,1,2,[5]
345,283,7,1,1,1,[8]
345,283,8,1,1,1,[7]
345,340,12,5,2,2,[13]
345,340,13,5,2,2,[12]
345,342,14,6,2,2,[15]
345,342,15,6,2,2,[14]
346,1,1,-1,-2,1,
346,1,2,-1,-2,2,
346,248,5,2,1,2,[6]
346,248,6,2,1,2,[5]
346,283,7,1,1,1,[8]
346,283,8,1,1,1,[7]
346,340,12,5,2,2,[13]
346,340,13,5,2,2,[12]
346,342,14,6,2,2,[15]
346,342,15,6,2,2,[14]
347,1,1,-1,-2,1,
347,1,2,-1,-2,2,
347,248,5,2,1,2,[6]
347,248,6,2,1,2,[5]
347,283,7,1,1,1,[8]
347,283,8,1,1,1,[7]
347,340,12,5,2,2,[13]
347,340,13,5,2,2,[12]
347,342,14,6,2,2,[15]
347,342,15,6,2,2,[14]
348,1,1,-1,-2,1,
348,1,2,-1,-2,2,
348,248,5,2,1,2,[6]
348,248,6,2,1,2,[5]
348,283,7,1,1,1,[8]
348,283,8,1,1,1,[7]
348,340,12,5,2,2,[13]
348,340,13,5,2,2,[12]
348,342,14,6,2,2,[15]
348,342,15,6,2,2,[14]
349,1,1,-1,-2,1,
349,1,2,-1,-2,2,
349,248,5,2,1,2,[6]
349,248,6,2,1,2,[5]
349,283,7,1,1,1,[8]
349,283,8,1,1,1,[7]
349,340,12,5,2,2,[13]
349,340,13,5,2,2,[12]
349,342,14,6,2,2,[15]
349,342,15,6,2,2,[14]
350,1,1,-1,-2,1,
350,1,2,-1,-2,2,
350,248,5,2,1,2,[6]
350,248,6,2,1,2,[5]
350,283,7,1,1,1,[8]
350,283,8,1,1,1,[7]
350,340,12,5,2,2,[13]
350,340,13,5,2,2,[12]
350,342,14,6,2,2,[15]
350,342,15,6,2,2,[14]
351,1,1,-1,-2,1,
351,1,2,-1,-2,2,
351,248,5,2,1,2,[6]
351,248,6,2,1,2,[5]
351,283,7,1,1,1,[8]
351,283,8,1,1,1,[7]
351,340,12,5,2,2,[13]
351,340,13,5,2,2,[12]
351,342,14,6,2,2,[15]
351,342,15,6,2,2,[14]
352,1,1,-1,-2,1,
352,1,2,-1,-2,2,
352,248,5,2,1,2,[6]
352,248,6,2,1,2,[5]
352,283,7,1,1,1,[8]
352,283,8,1,1,1,[7]
352,340,12,5,2,2,[13]
352,340,13,5,2,2,[12]
352,342,14,6,2,2,[15]
352,342,15,6,2,2,[14]
353,1,1,-1,-2,1,
353,1,2,-1,-2,2,
353,248,5,2,1,2,[6]
353,248,6,2,1,2,[5]
353,283,7,1,1,1,[8]
353,283,8,1,1,1,[7]
353,340,12,5,2,2,[13]
353,340,13,5,2,2,[12]
353,342,14,6,2,2,[15]
353,342,15,6,2,2,[14]
354,1,1,-1,-2,1,
354,1,2,-1,-2,2,
354,248,5,2,1,2,[6]
354,248,6,2,1,2,[5]
354,283,7,1,1,1,[8]
354,283,8,1,1,1,[7]
354,340,12,5,2,2,[13]
354,340,13,5,2,2,[12]
354,342,14,6,2,2,[15]
354,342,15,6,2,2,[14]
355,1,1,-1,-2,1,
355,1,2,-1,-2,2,
355,248,5,2,1,2,[6]
355,248,6,2,1,2,[5]
355,283,7,1,1,1,[8]
355,283,8,1,1,1,[7]
355,340,12,5,2,2,[13]
355,340,13,5,2,2,[12]
355,342,14,6,2,2,[15]
355,342,15,6,2,2,[14]
356,1,1,-1,-2,1,
356,1,2,-1,-2,2,
356,248,5,2,1,2,[6]
356,248,6,2,1,2,[5]
356,283,7,1,1,1,[8]
356,283,8,1,1,1,[7]
356,340,12,5,2,2,[13]
356,340,13,5,2,2,[12]
356,342,14,6,2,2,[15]
356,342,15,6,2,2,[14]
357,1,1,-1,-2,1,
357,1,2,-1,-2,2,
357,248,5,2,1,2,[6]
357,248,6,2,1,2,[5]
357,283,7,1,1,1,[8]
357,283,8,1,1,1,[7]
357,340,12,5,2,2,[13]
357,340,13,5,2,2,[12]
357,342,14,6,2,2,[15]
357,342,15,6,2,2,[14]
358,1,1,-1,-2,1,
358,1,2,-1,-2,2,
358,248,5,2,1,2,[6]
358,248,6,2,1,2,[5]
358,283,7,1,1,1,[8]
358,283,8,1,1,1,[7]
358,340,12,5,2,2,[13]
358,340,13,5,2,2,[12]
358,342,14,6,2,2,[15]
358,342,15,6,2,2,[14]
359,1,1,-1,-2,1,
359,1,2,-1,-2,2,
359,248,5,2,1,2,[6]
359,248,6,2,1,2,[5]
359,283,7,1,1,1,[8]
359,283,8,1,1,1,[7]
359,340,12,5,2,2,[13]
359,340,13,5,2,2,[12]
359,342,14,6,2,2,[15]
359,342,15,6,2,2,[14]
360,1,1,-1,-2,1,
360,1,2,-1,-2,2,
360,248,5,2,1,2,[6]
360,248,6,2,1,2,[5]
360,283,7,1,1,1,[8]
360,283,8,1,1,1,[7]
360,340,12,5,2,2,[13]
360,340,13,5,2,2,[12]
360,342,14,6,2,2,[15]
360,342,15,6,2,2,[14]
361,1,1,-1,-2,1,
361,1,2,-1,-2,2,
361,248,5,2,1,2,[6]
361,248,6,2,1,2,[5]
361,283,7,1,1,1,[8]
361,283,8,1,1,1,[7]
361,340,12,5,2,2,[13]
361,340,13,5,2,2,[12]
361,342,14,6,2,2,[15]
361,342,15,6,2,2,[14]
362,1,1,-1,-2,1,
362,1,2,-1,-2,2,
362,248,5,2,1,2,[6]
362,248,6,2,1,2,[5]
362,283,7,1,1,1,[8]
362,283,8,1,1,1,[7]
362,340,12,5,2,2,[13]
362,340,13,5,2,2,[12]
362,342,14,6,2,2,[15]
362,342,15,6,2,2,[14]
362,362,18,7,2,1,[19]
362,362,19,7,2,1,[18]
363,1,1,-1,-2,1,
363,1,2,-1,-2,2,
363,248,5,2,1,2,[6]
363,248,6,2,1,2,[5]
363,283,7,1,1,1,[8]
363,283,8,1,1,1,[7]
363,340,12,5,2,2,[13]
363,340,13,5,2,2,[12]
363,342,14,6,2,2,[15]
363,342,15,6,2,2,[14]
363,362,18,7,2,1,[19]
363,362,19,7,2,1,[18]
364,1,1,-1,-2,1,
364,1,2,-1,-2,2,
364,248,5,2,1,2,[6]
364,248,6,2,1,2,[5]
364,283,7,1,1,1,[8]
364,283,8,1,1,1,[7]
364,340,12,5,2,2,[13]
364,340,13,5,2,2,[12]
364,342,14,6,2,2,[15]
364,342,15,6,2,2,[14]
364,362,18,7,2,1,[19]
364,362,19,7,2,1,[18]
365,1,1,-1,-2,1,
365,1,2,-1,-2,2,
365,248,5,2,1,2,[6]
365,248,6,2,1,2,[5]
365,283,7,1,1,1,[8]
365,283,8,1,1,1,[7]
365,340,12,5,2,2,[13]
365,340,13,5,2,2,[12]
365,342,14,6,2,2,[15]
365,342,15,6,2,2,[14]
365,362,18,7,2,1,[19]
365,362,19,7,2,1,[18]
366,1,1,-1,-2,1,
366,1,2,-1,-2,2,
366,248,5,2,1,2,[6]
366,248,6,2,1,2,[5]
366,283,7,1,1,1,[8]
366,283,8,1,1,1,[7]
366,340,12,5,2,2,[13]
366,340,13,5,2,2,[12]
366,342,14,6,2,2,[15]
366,342,15,6,2,2,[14]
366,362,18,7,2,1,[19]
366,362,19,7,2,1,[18]
367,1,1,-1,-2,1,
367,1,2,-1,-2,2,
367,248,5,2,1,2,[6]
367,248,6,2,1,2,[5]
367,283,7,1,1,1,[8]
367,283,8,1,1,1,[7]
367,340,12,5,2,2,[13]
367,340,13,5,2,2,[12]
367,342,14,6,2,2,[15]
367,342,15,6,2,2,[14]
367,362,18,7,2,1,[19]
367,362,19,7,2,1,[18]
368,1,1,-1,-2,1,
368,1,2,-1,-2,2,
368,248,5,2,1,2,[6]
368,248,6,2,1,2,[5]
368,283,7,1,1,1,[8]
368,283,8,1,1,1,[7]
368,340,12,5,2,2,[13]
368,340,13,5,2,2,[12]
368,342,14,6,2,2,[15]
368,342,15,6,2,2,[14]
368,362,18,7,2,1,[19]
368,362,19,7,2,1,[18]
369,1,1,-1,-2,1,
369,1,2,-1,-2,2,
369,248,5,2,1,2,[6]
369,248,6,2,1,2,[5]
369,283,7,1,1,1,[8]
369,283,8,1,1,1,[7]
369,340,12,5,2,2,[13]
369,340,13,5,2,2,[12]
369,342,14,6,2,2,[15]
369,342,15,6,2,2,[14]
369,362,18,7,2,1,[19]
369,362,19,7,2,1,[18]
370,1,1,-1,-2,1,
370,1,2,-1,-2,2,
370,248,5,2,1,2,[6]
370,248,6,2,1,2,[5]
370,283,7,1,1,1,[8]
370,283,8,1,1,1,[7]
370,340,12,5,2,2,[13]
370,340,13,5,2,2,[12]
370,342,14,6,2,2,[15]
370,342,15,6,2,2,[14]
370,362,18,7,2,1,[19]
370,362,19,7,2,1,[18]
371,1,1,-1,-2,1,
371,1,2,-1,-2,2,
371,248,5,2,1,2,[6]
371,248,6,2,1,2,[5]
371,283,7,1,1,1,[8]
371,283,8,1,1,1,[7]
371,340,12,5,2,2,[13]
371,340,13,5,2,2,[12]
371,342,14,6,2,2,[15]
371,342,15,6,2,2,[14]
371,362,18,7,2,1,[19]
371,362,19,7,2,1,[18]
372,1,1,-1,-2,1,
372,1,2,-1,-2,2,
372,248,5,2,1,2,[6]
372,248,6,2,1,2,[5]
372,283,7,1,1,1,[8]
372,283,8,1,1,1,[7]
372,340,12,5,2,2,[13]
372,340,13,5,2,2,[12]
372,342,14,6,2,2,[15]
372,342,15,6,2,2,[14]
372,362,18,7,2,1,[19]
372,362,19,7,2,1,[18]
373,1,1,-1,-2,1,
373,1,2,-1,-2,2,
373,248,5,2,1,2,[6]
373,248,6,2,1,2,[5]
373,283,7,1,1,1,[8]
373,283,8,1,1,1,[7]
373,340,12,5,2,2,[13]
373,340,13,5,2,2,[12]
373,342,14,6,2,2,[15]
373,342,15,6,2,2,[14]
373,362,18,7,2,1,[19]
373,362,19,7,2,1,[18]
374,1,1,-1,-2,1,
374,1,2,-1,-2,2,
374,248,5,2,1,2,[6]
374,248,6,2,1,2,[5]
374,283,7,1,1,1,[8]
374,283,8,1,1,1,[7]
374,340,12,5,2,2,[13]
374,340,13,5,2,2,[12]
374,342,14,6,2,2,[15]
374,342,15,6,2,2,[14]
374,362,18,7,2,1,[19]
374,362,19,7,2,1,[18]
375,1,1,-1,-2,1,
375,1,2,-1,-2,2,
375,248,5,2,1,2,[6]
375,248,6,2,1,2,[5]
375,283,7,1,1,1,[8]
375,283,8,1,1,1,[7]
375,340,12,5,2,2,[13]
375,340,13,5,2,2,[12]
375,342,14,6,2,2,[15]
375,342,15,6,2,2,[14]
375,362,18,7,2,1,[19]
375,362,19,7,2,1,[18]
376,1,1,-1,-2,1,
376,1,2,-1,-2,2,
376,248,5,2,1,2,[6]
376,248,6,2,1,2,[5]
376,283,7,1,1,1,[8]
376,283,8,1,1,1,[7]
376,340,12,5,2,2,[13]
376,340,13,5,2,2,[12]
376,342,14,6,2,2,[15]
376,342,15,6,2,2,[14]
376,362,18,7,2,1,[19]
376,362,19,7,2,1,[18]
377,1,1,-1,-2,1,
377,1,2,-1,-2,2,
377,248,5,2,1,2,[6]
377,248,6,2,1,2,[5]
377,283,7,1,1,1,[8]
377,283,8,1,1,1,[7]
377,340,12,5,2,2,[13]
377,340,13,5,2,2,[12]
377,342,14,6,2,2,[15]
377,342,15,6,2,2,[14]
377,362,18,7,2,1,[19]
377,362,19,7,2,1,[18]
378,1,1,-1,-2,1,
378,1,2,-1,-2,2,
378,248,5,2,1,2,[6]
378,248,6,2,1,2,[5]
378,283,7,1,1,1,[8]
378,283,8,1,1,1,[7]
378,340,12,5,2,2,[13]
378,340,13,5,2,2,[12]
378,342,14,6,2,2,[15]
378,342,15,6,2,2,[14]
378,362,18,7,2,1,[19]
378,362,19,7,2,1,[18]
379,1,1,-1,-2,1,
379,1,2,-1,-2,2,
379,248,5,2,1,2,[6]
379,248,6,2,1,2,[5]
379,283,7,1,1,1,[8]
379,283,8,1,1,1,[7]
379,340,12,5,2,2,[13]
379,340,13,5,2,2,[12]
379,342,14,6,2,2,[15]
379,342,15,6,2,2,[14]
379,362,18,7,2,1,[19]
379,362,19,7,2,1,[18]
380,1,1,-1,-2,1,
380,1,2,-1,-2,2,
380,248,5,2,1,2,[6]
380,248,6,2,1,2,[5]
380,283,7,1,1,1,[8]
380,283,8,1,1,1,[7]
380,340,12,5,2,2,[13]
380,340,13,5,2,2,[12]
380,342,14,6,2,2,[15]
380,342,15,6,2,2,[14]
380,362,18,7,2,1,[19]
380,362,19,7,2,1,[18]
381,1,1,-1,-2,1,
381,1,2,-1,-2,2,
381,248,5,2,1,2,[6]
381,248,6,2,1,2,[5]
381,283,7,1,1,1,[8]
381,283,8,1,1,1,[7]
381,340,12,5,2,2,[13]
381,340,13,5,2,2,[12]
381,342,14,6,2,2,[15]
381,342,15,6,2,2,[14]
381,362,18,7,2,1,[19]
381,362,19,7,2,1,[18]
382,1,1,-1,-2,1,
382,1,2,-1,-2,2,
382,248,5,2,1,2,[6]
382,248,6,2,1,2,[5]
382,283,7,1,1,1,[8]
382,283,8,1,1,1,[7]
382,340,12,5,2,2,[13]
382,340,13,5,2,2,[12]
382,342,14,6,2,2,[15]
382,342,15,6,2,2,[14]
382,362,18,7,2,1,[19]
382,362,19,7,2,1,[18]
383,1,1,-1,-2,1,
383,1,2,-1,-2,2,
383,248,5,2,1,2,[6]
383,248,6,2,1,2,[5]
383,283,7,1,1,1,[8]
383,283,8,1,1,1,[7]
383,340,12,5,2,2,[13]
383,340,13,5,2,2,[12]
383,342,14,6,2,2,[15]
383,342,15,6,2,2,[14]
383,362,18,7,2,1,[19]
383,362,19,7,2,1,[18]
384,1,1,-1,-2,1,
384,1,2,-1,-2,2,
384,248,5,2,1,2,[6]
384,248,6,2,1,2,[5]
384,283,7,1,1,1,[8]
384,283,8,1,1,1,[7]
384,340,12,5,2,2,[13]
384,340,13,5,2,2,[12]
384,342,14,6,2,2,[15]
384,342,15,6,2,2,[14]
384,362,18,7,2,1,[19]
384,362,19,7,2,1,[18]
385,1,1,-1,-2,1,
385,1,2,-1,-2,2,
385,248,5,2,1,2,[6]
385,248,6,2,1,2,[5]
385,283,7,1,1,1,[8]
385,283,8,1,1,1,[7]
385,340,12,5,2,2,[13]
385,340,13,5,2,2,[12]
385,342,14,6,2,2,[15]
385,342,15,6,2,2,[14]
385,362,18,7,2,1,[19]
385,362,19,7,2,1,[18]
386,1,1,-1,-2,1,
386,1,2,-1,-2,2,
386,248,5,2,1,2,[6]
386,248,6,2,1,2,[5]
386,283,7,1,1,1,[8]
386,283,8,1,1,1,[7]
386,340,12,5,2,2,[13]
386,340,13,5,2,2,[12]
386,342,14,6,2,2,[15]
386,342,15,6,2,2,[14]
386,362,18,7,2,1,[19]
386,362,19,7,2,1,[18]
387,1,1,-1,-2,1,
387,1,2,-1,-2,2,
387,248,5,2,1,2,[6]
387,248,6,2,1,2,[5]
387,283,7,1,1,1,[8]
387,283,8,1,1,1,[7]
387,340,12,5,2,2,[13]
387,340,13,5,2,2,[12]
387,342,14,6,2,2,[15]
387,342,15,6,2,2,[14]
387,362,18,7,2,1,[19]
387,362,19,7,2,1,[18]
388,1,1,-1,-2,1,
388,1,2,-1,-2,2,
388,248,5,2,1,2,[6]
388,248,6,2,1,2,[5]
388,283,7,1,1,1,[8]
388,283,8,1,1,1,[7]
388,340,12,5,2,2,[13]
388,340,13,5,2,2,[12]
388,342,14,6,2,2,[15]
388,342,15,6,2,2,[14]
388,362,18,7,2,1,[19]
388,362,19,7,2,1,[18]
389,1,1,-1,-2,1,
389,1,2,-1,-2,2,
389,248,5,2,1,2,[6]
389,248,6,2,1,2,[5]
389,283,7,1,1,1,[8]
389,283,8,1,1,1,[7]
389,340,12,5,2,2,[13]
389,340,13,5,2,2,[12]
389,342,14,6,2,2,[15]
389,342,15,6,2,2,[14]
389,362,18,7,2,1,[19]
389,362,19,7,2,1,[18]
390,1,1,-1,-2,1,
390,1,2,-1,-2,2,
390,248,5,2,1,2,[6]
390,248,6,2,1,2,[5]
390,283,7,1,1,1,[8]
390,283,8,1,1,1,[7]
390,340,12,5,2,2,[13]
390,340,13,5,2,2,[12]
390,342,14,6,2,2,[15]
390,342,15,6,2,2,[14]
390,362,18,7,2,1,[19]
390,362,19,7,2,1,[18]
391,1,1,-1,-2,1,
391,1,2,-1,-2,2,
391,248,5,2,1,2,[6]
391,248,6,2,1,2,[5]
391,283,7,1,1,1,[8]
391,283,8,1,1,1,[7]
391,340,12,5,2,2,[13]
391,340,13,5,2,2,[12]
391,342,14,6,2,2,[15]
391,342,15,6,2,2,[14]
391,362,18,7,2,1,[19]
391,362,19,7,2,1,[18]
392,1,1,-1,-2,1,
392,1,2,-1,-2,2,
392,248,5,2,1,2,[6]
392,248,6,2,1,2,[5]
392,283,7,1,1,1,[8]
392,283,8,1,1,1,[7]
392,340,12,5,2,2,[13]
392,340,13,5,2,2,[12]
392,342,14,6,2,2,[15]
392,342,15,6,2,2,[14]
392,362,18,7,2,1,[19]
392,362,19,7,2,1,[18]
393,1,1,-1,-2,1,
393,1,2,-1,-2,2,
393,248,5,2,1,2,[6]
393,248,6,2,1,2,[5]
393,283,7,1,1,1,[8]
393,283,8,1,1,1,[7]
393,340,12,5,2,2,[13]
393,340,13,5,2,2,[12]
393,342,14,6,2,2,[15]
393,342,15,6,2,2,[14]
393,362,18,7,2,1,[19]
393,362,19,7,2,1,[18]
394,1,1,-1,-2,1,
394,1,2,-1,-2,2,
394,248,5,2,1,2,[6]
394,248,6,2,1,2,[5]
394,283,7,1,1,1,[8]
394,283,8,1,1,1,[7]
394,340,12,5,2,2,[13]
394,340,13,5,2,2,[12]
394,342,14,6,2,2,[15]
394,342,15,6,2,2,[14]
394,362,18,7,2,1,[19]
394,362,19,7,2,1,[18]
395,1,1,-1,-2,1,
395,1,2,-1,-2,2,
395,248,5,2,1,2,[6]
395,248,6,2,1,2,[5]
395,283,7,1,1,1,[8]
395,283,8,1,1,1,[7]
395,340,12,5,2,2,[13]
395,340,13,5,2,2,[12]
395,342,14,6,2,2,[15]
395,342,15,6,2,2,[14]
395,362,18,7,2,1,[19]
395,362,19,7,2,1,[18]
396,1,1,-1,-2,1,
396,1,2,-1,-2,2,
396,248,5,2,1,2,[6]
396,248,6,2,1,2,[5]
396,283,7,1,1,1,[8]
396,283,8,1,1,1,[7]
396,340,12,5,2,2,[13]
396,340,13,5,2,2,[12]
396,342,14,6,2,2,[15]
396,342,15,6,2,2,[14]
396,362,18,7,2,1,[19]
396,362,19,7,2,1,[18]
397,1,1,-1,-2,1,
397,1,2,-1,-2,2,
397,248,5,2,1,2,[6]
397,248,6,2,1,2,[5]
397,283,7,1,1,1,[8]
397,283,8,1,1,1,[7]
397,340,12,5,2,2,[13]
397,340,13,5,2,2,[12]
397,342,14,6,2,2,[15]
397,342,15,6,2,2,[14]
397,362,18,7,2,1,[19]
397,362,19,7,2,1,[18]
398,1,1,-1,-2,1,
398,1,2,-1,-2,2,
398,248,5,2,1,2,[6]
398,248,6,2,1,2,[5]
398,283,7,1,1,1,[8]
398,283,8,1,1,1,[7]
398,340,12,5,2,2,[13]
398,340,13,5,2,2,[12]
398,342,14,6,2,2,[15]
398,342,15,6,2,2,[14]
398,362,18,7,2,1,[19]
398,362,19,7,2,1,[18]
399,1,1,-1,-2,1,
399,1,2,-1,-2,2,
399,248,5,2,1,2,[6]
399,248,6,2,1,2,[5]
399,283,7,1,1,1,[8]
399,283,8,1,1,1,[7]
399,340,12,5,2,2,[13]
399,340,13,5,2,2,[12]
399,342,14,6,2,2,[15]
399,342,15,6,2,2,[14]
399,362,18,7,2,1,[19]
399,362,19,7,2,1,[18]
400,1,1,-1,-2,1,
400,1,2,-1,-2,2,
400,248,5,2,1,2,[6]
400,248,6,2,1,2,[5]
400,283,7,1,1,1,[8]
400,283,8,1,1,1,[7]
400,340,12,5,2,2,[13]
400,340,13,5,2,2,[12]
400,342,14,6,2,2,[15]
400,342,15,6,2,2,[14]
400,362,18,7,2,1,[19]
400,362,19,7,2,1,[18]
401,1,1,-1,-2,1,
401,1,2,-1,-2,2,
401,248,5,2,1,2,[6]
401,248,6,2,1,2,[5]
401,283,7,1,1,1,[8]
401,283,8,1,1,1,[7]
401,340,12,5,2,2,[13]
401,340,13,5,2,2,[12]
401,342,14,6,2,2,[15]
401,342,15,6,2,2,[14]
401,362,18,7,2,1,[19]
401,362,19,7,2,1,[18]
402,1,1,-1,-2,1,
402,1,2,-1,-2,2,
402,248,5,2,1,2,[6]
402,248,6,2,1,2,[5]
402,283,7,1,1,1,[8]
402,283,8,1,1,1,[7]
402,340,12,5,2,2,[13]
402,340,13,5,2,2,[12]
402,342,14,6,2,2,[15]
402,342,15,6,2,2,[14]
402,362,18,7,2,1,[19]
402,362,19,7,2,1,[18]
403,1,1,-1,-2,1,
403,1,2,-1,-2,2,
403,248,5,2,1,2,[6]
403,248,6,2,1,2,[5]
403,283,7,1,1,1,[8]
403,283,8,1,1,1,[7]
403,340,12,5,2,2,[13]
403,340,13,5,2,2,[12]
403,342,14,6,2,2,[15]
403,342,15,6,2,2,[14]
403,362,18,7,2,1,[19]
403,362,19,7,2,1,[18]
404,1,1,-1,-2,1,
404,1,2,-1,-2,2,
404,248,5,2,1,2,[6]
404,248,6,2,1,2,[5]
404,283,7,1,1,1,[8]
404,283,8,1,1,1,[7]
404,340,12,5,2,2,[13]
404,340,13,5,2,2,[12]
404,342,14,6,2,2,[15]
404,342,15,6,2,2,[14]
404,362,18,7,2,1,[19]
404,362,19,7,2,1,[18]
405,1,1,-1,-2,1,
405,1,2,-1,-2,2,
405,248,5,2,1,2,[6]
405,248,6,2,1,2,[5]
405,283,7,1,1,1,[8]
405,283,8,1,1,1,[7]
405,340,12,5,2,2,[13]
405,340,13,5,2,2,[12]
405,342,14,6,2,2,[15]
405,342,15,6,2,2,[14]
405,362,18,7,2,1,[19]
405,362,19,7,2,1,[18]
406,1,1,-1,-2,1,
406,1,2,-1,-2,2,
406,248,5,2,1,2,[6]
406,248,6,2,1,2,[5]
406,283,7,1,1,1,[8]
406,283,8,1,1,1,[7]
406,340,12,5,2,2,[13]
406,340,13,5,2,2,[12]
406,342,14,6,2,2,[15]
406,342,15,6,2,2,[14]
406,362,18,7,2,1,[19]
406,362,19,7,2,1,[18]
407,1,1,-1,-2,1,
407,1,2,-1,-2,2,
407,248,5,2,1,2,[6]
407,248,6,2,1,2,[5]
407,283,7,1,1,1,[8]
407,283,8,1,1,1,[7]
407,340,12,5,2,2,[13]
407,340,13,5,2,2,[12]
407,342,14,6,2,2,[15]
407,342,15,6,2,2,[14]
407,362,18,7,2,1,[19]
407,362,19,7,2,1,[18]
408,1,1,-1,-2,1,
408,1,2,-1,-2,2,
408,248,5,2,1,2,[6]
408,248,6,2,1,2,[5]
408,283,7,1,1,1,[8]
408,283,8,1,1,1,[7]
408,340,12,5,2,2,[13]
408,340,13,5,2,2,[12]
408,342,14,6,2,2,[15]
408,342,15,6,2,2,[14]
408,362,18,7,2,1,[19]
408,362,19,7,2,1,[18]
409,1,1,-1,-2,1,
409,1,2,-1,-2,2,
409,248,5,2,1,2,[6]
409,248,6,2,1,2,[5]
409,283,7,1,1,1,[8]
409,283,8,1,1,1,[7]
409,340,12,5,2,2,[13]
409,340,13,5,2,2,[12]
409,342,14,6,2,2,[15]
409,342,15,6,2,2,[14]
409,362,18,7,2,1,[19]
409,362,19,7,2,1,[18]
410,1,1,-1,-2,1,
410,1,2,-1,-2,2,
410,248,5,2,1,2,[6]
410,248,6,2,1,2,[5]
410,283,7,1,1,1,[8]
410,283,8,1,1,1,[7]
410,340,12,5,2,2,[13]
410,340,13,5,2,2,[12]
410,342,14,6,2,2,[15]
410,342,15,6,2,2,[14]
410,362,18,7,2,1,[19]
410,362,19,7,2,1,[18]
411,1,1,-1,-2,1,
411,1,2,-1,-2,2,
411,248,5,2,1,2,[6]
411,248,6,2,1,2,[5]
411,283,7,1,1,1,[8]
411,283,8,1,1,1,[7]
411,340,12,5,2,2,[13]
411,340,13,5,2,2,[12]
411,342,14,6,2,2,[15]
411,342,15,6,2,2,[14]
411,362,18,7,2,1,[19]
411,362,19,7,2,1,[18]
412,1,1,-1,-2,1,
412,1,2,-1,-2,2,
412,248,5,2,1,2,[6]
412,248,6,2,1,2,[5]
412,283,7,1,1,1,[8]
412,283,8,1,1,1,[7]
412,340,12,5,2,2,[13]
412,340,13,5,2,2,[12]
412,342,14,6,2,2,[15]
412,342,15,6,2,2,[14]
412,362,18,7,2,1,[19]
412,362,19,7,2,1,[18]
413,1,1,-1,-2,1,
413,1,2,-1,-2,2,
413,248,5,2,1,2,[6]
413,248,6,2,1,2,[5]
413,283,7,1,1,1,[8]
413,283,8,1,1,1,[7]
413,340,12,5,2,2,[13]
413,340,13,5,2,2,[12]
413,342,14,6,2,2,[15]
413,342,15,6,2,2,[14]
413,362,18,7,2,1,[19]
413,362,19,7,2,1,[18]
414,1,1,-1,-2,1,
414,1,2,-1,-2,2,
414,248,5,2,1,2,[6]
414,248,6,2,1,2,[5]
414,283,7,1,1,1,[8]
414,283,8,1,1,1,[7]
414,340,12,5,2,2,[13]
414,340,13,5,2,2,[12]
414,342,14,6,2,2,[15]
414,342,15,6,2,2,[14]
414,362,18,7,2,1,[19]
414,362,19,7,2,1,[18]
415,1,1,-1,-2,1,
415,1,2,-1,-2,2,
415,248,5,2,1,2,[6]
415,248,6,2,1,2,[5]
415,283,7,1,1,1,[8]
415,283,8,1,1,1,[7]
415,340,12,5,2,2,[13]
415,340,13,5,2,2,[12]
415,342,14,6,2,2,[15]
415,342,15,6,2,2,[14]
415,362,18,7,2,1,[19]
415,362,19,7,2,1,[18]
416,1,1,-1,-2,1,
416,1,2,-1,-2,2,
416,248,5,2,1,2,[6]
416,248,6,2,1,2,[5]
416,283,7,1,1,1,[8]
416,283,8,1,1,1,[7]
416,340,12,5,2,2,[13]
416,340,13,5,2,2,[12]
416,342,14,6,2,2,[15]
416,342,15,6,2,2,[14]
416,362,18,7,2,1,[19]
416,362,19,7,2,1,[18]
417,1,1,-1,-2,1,
417,1,2,-1,-2,2,
417,248,5,2,1,2,[6]
417,248,6,2,1,2,[5]
417,283,7,1,1,1,[8]
417,283,8,1,1,1,[7]
417,340,12,5,2,2,[13]
417,340,13,5,2,2,[12]
417,342,14,6,2,2,[15]
417,342,15,6,2,2,[14]
417,362,18,7,2,1,[19]
417,362,19,7,2,1,[18]
418,1,1,-1,-2,1,
418,1,2,-1,-2,2,
418,248,5,2,1,2,[6]
418,248,6,2,1,2,[5]
418,283,7,1,1,1,[8]
418,283,8,1,1,1,[7]
418,340,12,5,2,2,[13]
418,340,13,5,2,2,[12]
418,342,14,6,2,2,[15]
418,342,15,6,2,2,[14]
418,362,18,7,2,1,[19]
418,362,19,7,2,1,[18]
419,1,1,-1,-2,1,
419,1,2,-1,-2,2,
419,248,5,2,1,2,[6]
419,248,6,2,1,2,[5]
419,283,7,1,1,1,[8]
419,283,8,1,1,1,[7]
419,340,12,5,2,2,[13]
419,340,13,5,2,2,[12]
419,342,14,6,2,2,[15]
419,342,15,6,2,2,[14]
419,362,18,7,2,1,[19]
419,362,19,7,2,1,[18]
420,1,1,-1,-2,1,
420,1,2,-1,-2,2,
420,248,5,2,1,2,[6]
420,248,6,2,1,2,[5]
420,283,7,1,1,1,[8]
420,283,8,1,1,1,[7]
420,340,12,5,2,2,[13]
420,340,13,5,2,2,[12]
420,342,14,6,2,2,[15]
420,342,15,6,2,2,[14]
420,362,18,7,2,1,[19]
420,362,19,7,2,1,[18]
421,1,1,-1,-2,1,
421,1,2,-1,-2,2,
421,248,5,2,1,2,[6]
421,248,6,2,1,2,[5]
421,283,7,1,1,1,[8]
421,283,8,1,1,1,[7]
421,340,12,5,2,2,[13]
421,340,13,5,2,2,[12]
421,342,14,6,2,2,[15]
421,342,15,6,2,2,[14]
421,362,18,7,2,1,[19]
421,362,19,7,2,1,[18]
422,1,1,-1,-2,1,
422,1,2,-1,-2,2,
422,248,5,2,1,2,[6]
422,248,6,2,1,2,[5]
422,283,7,1,1,1,[8]
422,283,8,1,1,1,[7]
422,340,12,5,2,2,[13]
422,340,13,5,2,2,[12]
422,342,14,6,2,2,[15]
422,342,15,6,2,2,[14]
422,362,18,7,2,1,[19]
422,362,19,7,2,1,[18]
423,1,1,-1,-2,1,
423,1,2,-1,-2,2,
423,248,5,2,1,2,[6]
423,248,6,2,1,2,[5]
423,283,7,1,1,1,[8]
423,283,8,1,1,1,[7]
423,340,12,5,2,2,[13]
423,340,13,5,2,2,[12]
423,342,14,6,2,2,[15]
423,342,15,6,2,2,[14]
423,362,18,7,2,1,[19]
423,362,19,7,2,1,[18]
424,1,1,-1,-2,1,
424,1,2,-1,-2,2,
424,248,5,2,1,2,[6]
424,248,6,2,1,2,[5]
424,283,7,1,1,1,[8]
424,283,8,1,1,1,[7]
424,340,12,5,2,2,[13]
424,340,13,5,2,2,[12]
424,342,14,6,2,2,[15]
424,342,15,6,2,2,[14]
424,362,18,7,2,1,[19]
424,362,19,7,2,1,[18]
425,1,1,-1,-2,1,
425,1,2,-1,-2,2,
425,248,5,2,1,2,[6]
425,248,6,2,1,2,[5]
425,283,7,1,1,1,[8]
425,283,8,1,1,1,[7]
425,340,12,5,2,2,[13]
425,340,13,5,2,2,[12]
425,342,14,6,2,2,[15]
425,342,15,6,2,2,[14]
425,362,18,7,2,1,[19]
425,362,19,7,2,1,[18]
425,425,21,8,2,1,[22]
425,425,22,8,2,1,[21]
426,1,1,-1,-2,1,
426,1,2,-1,-2,2,
426,248,5,2,1,2,[6]
426,248,6,2,1,2,[5]
426,283,7,1,1,1,[8]
426,283,8,1,1,1,[7]
426,340,12,5,2,2,[13]
426,340,13,5,2,2,[12]
426,342,14,6,2,2,[15]
426,342,15,6,2,2,[14]
426,362,18,7,2,1,[19]
426,362,19,7,2,1,[18]
426,425,21,8,2,1,[22]
426,425,22,8,2,1,[21]
427,1,1,-1,-2,1,
427,1,2,-1,-2,2,
427,248,5,2,1,2,[6]
427,248,6,2,1,2,[5]
427,283,7,1,1,1,[8]
427,283,8,1,1,1,[7]
427,340,12,5,2,2,[13]
427,340,13,5,2,2,[12]
427,342,14,6,2,2,[15]
427,342,15,6,2,2,[14]
427,362,18,7,2,1,[19]
427,362,19,7,2,1,[18]
427,425,21,8,2,1,[22]
427,425,22,8,2,1,[21]
428,1,1,-1,-2,1,
428,1,2,-1,-2,2,
428,248,5,2,1,2,[6]
428,248,6,2,1,2,[5]
428,283,7,1,1,1,[8]
428,283,8,1,1,1,[7]
428,340,12,5,2,2,[13]
428,340,13,5,2,2,[12]
428,342,14,6,2,2,[15]
428,342,15,6,2,2,[14]
428,362,18,7,2,1,[19]
428,362,19,7,2,1,[18]
428,425,21,8,2,1,[22]
428,425,22,8,2,1,[21]
429,1,1,-1,-2,1,
429,1,2,-1,-2,2,
429,248,5,2,1,2,[6]
429,248,6,2,1,2,[5]
429,283,7,1,1,1,[8]
429,283,8,1,1,1,[7]
429,340,12,5,2,2,[13]
429,340,13,5,2,2,[12]
429,342,14,6,2,2,[15]
429,342,15,6,2,2,[14]
429,362,18,7,2,1,[19]
429,362,19,7,2,1,[18]
429,425,21,8,2,1,[22]
429,425,22,8,2,1,[21]
430,1,1,-1,-2,1,
430,1,2,-1,-2,2,
430,248,5,2,1,2,[6]
430,248,6,2,1,2,[5]
430,283,7,1,1,1,[8]
430,283,8,1,1,1,[7]
430,340,12,5,2,2,[13]
430,340,13,5,2,2,[12]
430,342,14,6,2,2,[15]
430,342,15,6,2,2,[14]
430,362,18,7,2,1,[19]
430,362,19,7,2,1,[18]
430,425,21,8,2,1,[22]
430,425,22,8,2,1,[21]
431,1,1,-1,-2,1,
431,1,2,-1,-2,2,
431,248,5,2,1,2,[6]
431,248,6,2,1,2,[5]
431,283,7,1,1,1,[8]
431,283,8,1,1,1,[7]
431,340,12,5,2,2,[13]
431,340,13,5,2,2,[12]
431,342,14,6,2,2,[15]
431,342,15,6,2,2,[14]
431,362,18,7,2,1,[19]
431,362,19,7,2,1,[18]
431,425,21,8,2,1,[22]
431,425,22,8,2,1,[21]
432,1,1,-1,-2,1,
432,1,2,-1,-2,2,
432,248,5,2,1,2,[6]
432,248,6,2,1,2,[5]
432,283,7,1,1,1,[8]
432,283,8,1,1,1,[7]
432,340,12,5,2,2,[13]
432,340,13,5,2,2,[12]
432,342,14,6,2,2,[15]
432,342,15,6,2,2,[14]
432,362,18,7,2,1,[19]
432,362,19,7,2,1,[18]
432,425,21,8,2,1,[22]
432,425,22,8,2,1,[21]
433,1,1,-1,-2,1,
433,1,2,-1,-2,2,
433,248,5,2,1,2,[6]
433,248,6,2,1,2,[5]
433,283,7,1,1,1,[8]
433,283,8,1,1,1,[7]
433,340,12,5,2,2,[13]
433,340,13,5,2,2,[12]
433,342,14,6,2,2,[15]
433,342,15,6,2,2,[14]
433,362,18,7,2,1,[19]
433,362,19,7,2,1,[18]
433,425,21,8,2,1,[22]
433,425,22,8,2,1,[21]
434,1,1,-1,-2,1,
434,1,2,-1,-2,2,
434,248,5,2,1,2,[6]
434,248,6,2,1,2,[5]
434,283,7,1,1,1,[8]
434,283,8,1,1,1,[7]
434,340,12,5,2,2,[13]
434,340,13,5,2,2,[12]
434,342,14,6,2,2,[15]
434,342,15,6,2,2,[14]
434,362,18,7,2,1,[19]
434,362,19,7,2,1,[18]
434,425,21,8,2,1,[22]
434,425,22,8,2,1,[21]
435,1,1,-1,-2,1,
435,1,2,-1,-2,2,
435,248,5,2,1,2,[6]
435,248,6,2,1,2,[5]
435,283,7,1,1,1,[8]
435,283,8,1,1,1,[7]
435,340,12,5,2,2,[13]
435,340,13,5,2,2,[12]
435,342,14,6,2,2,[15]
435,342,15,6,2,2,[14]
435,362,18,7,2,1,[19]
435,362,19,7,2,1,[18]
435,425,21,8,2,1,[22]
435,425,22,8,2,1,[21]
436,1,1,-1,-2,1,
436,1,2,-1,-2,2,
436,248,5,2,1,2,[6]
436,248,6,2,1,2,[5]
436,283,7,1,1,1,[8]
436,283,8,1,1,1,[7]
436,340,12,5,2,2,[13]
436,340,13,5,2,2,[12]
436,342,14,6,2,2,[15]
436,342,15,6,2,2,[14]
436,362,18,7,2,1,[19]
436,362,19,7,2,1,[18]
436,425,21,8,2,1,[22]
436,425,22,8,2,1,[21]
436,436,28,12,3,2,[29]
436,436,29,12,3,2,[28]
437,1,1,-1,-2,1,
437,1,2,-1,-2,2,
437,248,5,2,1,2,[6]
437,248,6,2,1,2,[5]
437,283,7,1,1,1,[8]
437,283,8,1,1,1,[7]
437,340,12,5,2,2,[13]
437,340,13,5,2,2,[12]
437,342,14,6,2,2,[15]
437,342,15,6,2,2,[14]
437,362,18,7,2,1,[19]
437,362,19,7,2,1,[18]
437,425,21,8,2,1,[22]
437,425,22,8,2,1,[21]
437,436,28,12,3,2,[29]
437,436,29,12,3,2,[28]
437,437,30,15,3,2,[31]
437,437,31,15,3,2,[30]
438,1,1,-1,-2,1,
438,1,2,-1,-2,2,
438,248,5,2,1,2,[6]
438,248,6,2,1,2,[5]
438,283,7,1,1,1,[8]
438,283,8,1,1,1,[7]
438,340,12,5,2,2,[13]
438,340,13,5,2,2,[12]
438,342,14,6,2,2,[15]
438,342,15,6,2,2,[14]
438,362,18,7,2,1,[19]
438,362,19,7,2,1,[18]
438,425,21,8,2,1,[22]
438,425,22,8,2,1,[21]
438,436,28,12,3,2,[29]
438,436,29,12,3,2,[28]
438,437,30,15,3,2,[31]
438,437,31,15,3,2,[30]
439,1,1,-1,-2,1,
439,1,2,-1,-2,2,
439,248,5,2,1,2,[6]
439,248,6,2,1,2,[5]
439,283,7,1,1,1,[8]
439,283,8,1,1,1,[7]
439,340,12,5,2,2,[13]
439,340,13,5,2,2,[12]
439,342,14,6,2,2,[15]
439,342,15,6,2,2,[14]
439,362,18,7,2,1,[19]
439,362,19,7,2,1,[18]
439,425,21,8,2,1,[22]
439,425,22,8,2,1,[21]
439,436,28,12,3,2,[29]
439,436,29,12,3,2,[28]
439,437,30,15,3,2,[31]
439,437,31,15,3,2,[30]
440,1,1,-1,-2,1,
440,1,2,-1,-2,2,
440,248,5,2,1,2,[6]
440,248,6,2,1,2,[5]
440,283,7,1,1,1,[8]
440,283,8,1,1,1,[7]
440,340,12,5,2,2,[13]
440,340,13,5,2,2,[12]
440,342,14,6,2,2,[15]
440,342,15,6,2,2,[14]
440,362,18,7,2,1,[19]
440,362,19,7,2,1,[18]
440,425,21,8,2,1,[22]
440,425,22,8,2,1,[21]
440,436,28,12,3,2,[29]
440,436,29,12,3,2,[28]
440,437,30,15,3,2,[31]
440,437,31,15,3,2,[30]
441,1,1,-1,-2,1,
441,1,2,-1,-2,2,
441,248,5,2,1,2,[6]
441,248,6,2,1,2,[5]
441,283,7,1,1,1,[8]
441,283,8,1,1,1,[7]
441,340,12,5,2,2,[13]
441,340,13,5,2,2,[12]
441,342,14,6,2,2,[15]
441,342,15,6,2,2,[14]
441,362,18,7,2,1,[19]
441,362,19,7,2,1,[18]
441,425,21,8,2,1,[22]
441,425,22,8,2,1,[21]
441,436,28,12,3,2,[29]
441,436,29,12,3,2,[28]
441,437,30,15,3,2,[31]
441,437,31,15,3,2,[30]
442,1,1,-1,-2,1,
442,1,2,-1,-2,2,
442,248,5,2,1,2,[6]
442,248,6,2,1,2,[5]
442,283,7,1,1,1,[8]
442,283,8,1,1,1,[7]
442,340,12,5,2,2,[13]
442,340,13,5,2,2,[12]
442,342,14,6,2,2,[15]
442,342,15,6,2,2,[14]
442,362,18,7,2,1,[19]
442,362,19,7,2,1,[18]
442,425,21,8,2,1,[22]
442,425,22,8,2,1,[21]
442,436,28,12,3,2,[29]
442,436,29,12,3,2,[28]
442,437,30,15,3,2,[31]
442,437,31,15,3,2,[30]
443,1,1,-1,-2,1,
443,1,2,-1,-2,2,
443,248,5,2,1,2,[6]
443,248,6,2,1,2,[5]
443,283,7,1,1,1,[8]
443,283,8,1,1,1,[7]
443,340,12,5,2,2,[13]
443,340,13,5,2,2,[12]
443,342,14,6,2,2,[15]
443,342,15,6,2,2,[14]
443,362,18,7,2,1,[19]
443,362,19,7,2,1,[18]
443,425,21,8,2,1,[22]
443,425,22,8,2,1,[21]
443,436,28,12,3,2,[29]
443,436,29,12,3,2,[28]
443,437,30,15,3,2,[31]
443,437,31,15,3,2,[30]
443,443,33,13,3,2,[34]
443,443,34,13,3,2,[33]
444,1,1,-1,-2,1,
444,1,2,-1,-2,2,
444,248,5,2,1,2,[6]
444,248,6,2,1,2,[5]
444,283,7,1,1,1,[8]
444,283,8,1,1,1,[7]
444,340,12,5,2,2,[13]
444,340,13,5,2,2,[12]
444,342,14,6,2,2,[15]
444,342,15,6,2,2,[14]
444,362,18,7,2,1,[19]
444,362,19,7,2,1,[18]
444,425,21,8,2,1,[22]
444,425,22,8,2,1,[21]
444,436,28,12,3,2,[29]
444,436,29,12,3,2,[28]
444,437,30,15,3,2,[31]
444,437,31,15,3,2,[30]
444,443,33,13,3,2,[34]
444,443,34,13,3,2,[33]
445,1,1,-1,-2,1,
445,1,2,-1,-2,2,
445,248,5,2,1,2,[6]
445,248,6,2,1,2,[5]
445,283,7,1,1,1,[8]
445,283,8,1,1,1,[7]
445,340,12,5,2,2,[13]
445,340,13,5,2,2,[12]
445,342,14,6,2,2,[15]
445,342,15,6,2,2,[14]
445,362,18,7,2,1,[19]
445,362,19,7,2,1,[18]
445,425,21,8,2,1,[22]
445,425,22,8,2,1,[21]
445,436,28,12,3,2,[29]
445,436,29,12,3,2,[28]
445,437,30,15,3,2,[31]
445,437,31,15,3,2,[30]
445,443,33,13,3,2,[34]
445,443,34,13,3,2,[33]
446,1,1,-1,-2,1,
446,1,2,-1,-2,2,
446,248,5,2,1,2,[6]
446,248,6,2,1,2,[5]
446,283,7,1,1,1,[8]
446,283,8,1,1,1,[7]
446,340,12,5,2,2,[13]
446,340,13,5,2,2,[12]
446,342,14,6,2,2,[15]
446,342,15,6,2,2,[14]
446,362,18,7,2,1,[19]
446,362,19,7,2,1,[18]
446,425,21,8,2,1,[22]
446,425,22,8,2,1,[21]
446,436,28,12,3,2,[29]
446,436,29,12,3,2,[28]
446,437,30,15,3,2,[31]
446,437,31,15,3,2,[30]
446,443,33,13,3,2,[34]
446,443,34,13,3,2,[33]
447,1,1,-1,-2,1,
447,1,2,-1,-2,2,
447,248,5,2,1,2,[6]
447,248,6,2,1,2,[5]
447,283,7,1,1,1,[8]
447,283,8,1,1,1,[7]
447,340,12,5,2,2,[13]
447,340,13,5,2,2,[12]
447,342,14,6,2,2,[15]
447,342,15,6,2,2,[14]
447,362,18,7,2,1,[19]
447,362,19,7,2,1,[18]
447,425,21,8,2,1,[22]
447,425,22,8,2,1,[21]
447,436,28,12,3,2,[29]
447,436,29,12,3,2,[28]
447,437,30,15,3,2,[31]
447,437,31,15,3,2,[30]
447,443,33,13,3,2,[34]
447,443,34,13,3,2,[33]
448,1,1,-1,-2,1,
448,1,2,-1,-2,2,
448,248,5,2,1,2,[6]
448,248,6,2,1,2,[5]
448,283,7,1,1,1,[8]
448,283,8,1,1,1,[7]
448,340,12,5,2,2,[13]
448,340,13,5,2,2,[12]
448,342,14,6,2,2,[15]
448,342,15,6,2,2,[14]
448,362,18,7,2,1,[19]
448,362,19,7,2,1,[18]
448,425,21,8,2,1,[22]
448,425,22,8,2,1,[21]
448,436,28,12,3,2,[29]
448,436,29,12,3,2,[28]
448,437,30,15,3,2,[31]
448,437,31,15,3,2,[30]
448,443,33,13,3,2,[34]
448,443,34,13,3,2,[33]
449,1,1,-1,-2,1,
449,1,2,-1,-2,2,
449,248,5,2,1,2,[6]
449,248,6,2,1,2,[5]
449,283,7,1,1,1,[8]
449,283,8,1,1,1,[7]
449,340,12,5,2,2,[13]
449,340,13,5,2,2,[12]
449,342,14,6,2,2,[15]
449,342,15,6,2,2,[14]
449,362,18,7,2,1,[19]
449,362,19,7,2,1,[18]
449,425,21,8,2,1,[22]
449,425,22,8,2,1,[21]
449,436,28,12,3,2,[29]
449,436,29,12,3,2,[28]
449,437,30,15,3,2,[31]
449,437,31,15,3,2,[30]
449,443,33,13,3,2,[34]
449,443,34,13,3,2,[33]
