Cell_ID,generation_num,position,file,cell_cycle_stage,selection_subset,phase_volume_at_beginning,phase_volume_at_end,phase_mCitrine_amount_at_beginning,phase_mCitrine_combined_amount_at_end,phase_combined_volume_at_end,relevant_volume,relevant_amount,Kind of Measurement new,Generation
1,1.0,Position_3,MIA_KC_htb1_mCitrine_flu_control_labeled,G1,1,51.07658900572848,111.72878618524594,706.9999999999989,1918.9999999999973,111.72878618524594,51.07658900572848,706.9999999999989,AF control at G1-entry,1st ($n_1$=77)
1,1.0,Position_3,MIA_KC_htb1_mCitrine_flu_control_labeled,S,1,109.28630075230144,105.2566296996458,1492.9999999999975,2036.0,158.16482730727415,158.16482730727415,2036.0,"AF control, m+b at cytokinesis",1st ($n_1$=77)
1,2.0,Position_3,MIA_KC_htb1_mCitrine_flu_control_labeled,G1,1,114.03233827023485,91.57429889463256,1168.0000000000018,1433.0000000000018,91.57429889463256,114.03233827023485,1168.0000000000018,AF control at G1-entry,2+ ($n_2$=138)
1,2.0,Position_3,MIA_KC_htb1_mCitrine_flu_control_labeled,S,1,100.94415496986056,105.38263456643796,1898.9999999999984,1734.999999999996,160.1073224959008,160.1073224959008,1734.999999999996,"AF control, m+b at cytokinesis",2+ ($n_2$=138)
1,3.0,Position_1,MIA_KC_htb1_mCitrine_flu_control_labeled,G1,1,119.89333895349392,146.0060961756164,2512.999999999999,1919.9999999999995,146.0060961756164,119.89333895349392,2512.999999999999,AF control at G1-entry,2+ ($n_2$=138)
1,3.0,Position_2,MIA_KC_htb1_mCitrine_labeled,G1,0,128.0973419438612,173.81665166882368,348895.0,354678.0,173.81665166882368,128.0973419438612,348895.0,At G1-entry,2+ ($n_2$=138)
1,3.0,Position_3,MIA_KC_htb1_mCitrine_flu_control_labeled,G1,1,101.22608883804295,120.66002687945688,1269.9999999999964,1608.0,120.66002687945688,101.22608883804295,1269.9999999999964,AF control at G1-entry,2+ ($n_2$=138)
1,3.0,Position_3,MIA_KC_htb1_mCitrine_labeled,G1,0,89.4391383286485,111.26433906178492,293741.0,307918.00000000006,111.26433906178492,89.4391383286485,293741.0,At G1-entry,2+ ($n_2$=138)
1,3.0,Position_4,MIA_KC_htb1_mCitrine_labeled,G1,0,86.52329841483821,95.16659223590568,333412.0,322220.0,95.16659223590568,86.52329841483821,333412.0,At G1-entry,2+ ($n_2$=138)
1,3.0,Position_5,MIA_KC_htb1_mCitrine_labeled,G1,0,174.08269862431473,174.50031498091204,400792.0,355494.99999999994,174.50031498091204,174.08269862431473,400792.0,At G1-entry,2+ ($n_2$=138)
1,3.0,Position_8,MIA_KC_htb1_mCitrine_labeled,G1,0,130.26725867616057,149.85382124221974,395005.0,419297.0,149.85382124221974,130.26725867616057,395005.0,At G1-entry,2+ ($n_2$=138)
1,3.0,Position_1,MIA_KC_htb1_mCitrine_flu_control_labeled,S,1,142.97152454775227,132.3867011173848,2060.000000000002,2906.999999999999,176.8501367772785,176.8501367772785,2906.999999999999,"AF control, m+b at cytokinesis",2+ ($n_2$=138)
1,3.0,Position_2,MIA_KC_htb1_mCitrine_labeled,S,0,177.337331962253,180.10701775603525,362238.0,563949.0,237.89710776487405,237.89710776487405,563949.0,Mother+bud at cytokinesis,2+ ($n_2$=138)
1,3.0,Position_3,MIA_KC_htb1_mCitrine_flu_control_labeled,S,1,127.00399182415892,105.70936221895442,1371.9999999999986,2156.0000000000027,160.3494592007472,160.3494592007472,2156.0000000000027,"AF control, m+b at cytokinesis",2+ ($n_2$=138)
1,3.0,Position_3,MIA_KC_htb1_mCitrine_labeled,S,0,110.44944327728427,121.45761150228566,313254.0,481796.0,158.57356812589126,158.57356812589126,481796.0,Mother+bud at cytokinesis,2+ ($n_2$=138)
1,3.0,Position_4,MIA_KC_htb1_mCitrine_labeled,S,0,88.84472080463915,93.23363392056524,308294.0,471187.0,140.45926630771783,140.45926630771783,471187.0,Mother+bud at cytokinesis,2+ ($n_2$=138)
1,3.0,Position_5,MIA_KC_htb1_mCitrine_labeled,S,0,175.7446042395993,176.5072801684757,355234.0,645952.0,248.0480483922757,248.0480483922757,645952.0,Mother+bud at cytokinesis,2+ ($n_2$=138)
1,3.0,Position_8,MIA_KC_htb1_mCitrine_labeled,S,0,151.98246247681027,136.8749527390748,439087.0,675322.0,184.93906813390703,184.93906813390703,675322.0,Mother+bud at cytokinesis,2+ ($n_2$=138)
1,4.0,Position_1,MIA_KC_htb1_mCitrine_flu_control_labeled,G1,1,138.82276458326365,140.15388493550873,1521.0000000000016,1840.999999999997,140.15388493550873,138.82276458326365,1521.0000000000016,AF control at G1-entry,2+ ($n_2$=138)
1,4.0,Position_2,MIA_KC_htb1_mCitrine_labeled,G1,0,181.89835978669387,181.25520386329364,310673.0,338008.0,181.25520386329364,181.89835978669387,310673.0,At G1-entry,2+ ($n_2$=138)
1,4.0,Position_3,MIA_KC_htb1_mCitrine_flu_control_labeled,G1,1,113.67034131324633,115.4294877340673,1409.9999999999995,2138.0,115.4294877340673,113.67034131324633,1409.9999999999995,AF control at G1-entry,2+ ($n_2$=138)
1,4.0,Position_3,MIA_KC_htb1_mCitrine_labeled,G1,0,117.19840630724777,127.86313242367108,250288.0,262385.0,127.86313242367108,117.19840630724777,250288.0,At G1-entry,2+ ($n_2$=138)
1,4.0,Position_4,MIA_KC_htb1_mCitrine_labeled,G1,0,93.65081539199764,99.93859318083364,244259.0,232370.00000000003,99.93859318083364,93.65081539199764,244259.0,At G1-entry,2+ ($n_2$=138)
1,4.0,Position_5,MIA_KC_htb1_mCitrine_labeled,G1,0,180.3590006574983,181.646090896884,348885.00000000006,340606.0,181.646090896884,180.3590006574983,348885.00000000006,At G1-entry,2+ ($n_2$=138)
1,4.0,Position_8,MIA_KC_htb1_mCitrine_labeled,G1,0,128.271100692995,150.96327064425785,343385.00000000006,354798.0,150.96327064425785,128.271100692995,343385.00000000006,At G1-entry,2+ ($n_2$=138)
1,4.0,Position_1,MIA_KC_htb1_mCitrine_flu_control_labeled,S,1,138.92280571735515,135.14880395720115,1509.0000000000027,2517.999999999998,198.86627568872728,198.86627568872728,2517.999999999998,"AF control, m+b at cytokinesis",2+ ($n_2$=138)
1,4.0,Position_2,MIA_KC_htb1_mCitrine_labeled,S,0,182.99728496675093,151.85032850716482,350304.0,534258.0,224.8186662322784,224.8186662322784,534258.0,Mother+bud at cytokinesis,2+ ($n_2$=138)
1,4.0,Position_3,MIA_KC_htb1_mCitrine_flu_control_labeled,S,1,106.31078570882256,103.59965312542666,2219.999999999999,2537.999999999998,148.7693384678368,148.7693384678368,2537.999999999998,"AF control, m+b at cytokinesis",2+ ($n_2$=138)
1,4.0,Position_3,MIA_KC_htb1_mCitrine_labeled,S,0,130.25112734097192,131.51516157397856,255567.0,538796.0,192.9637648463409,192.9637648463409,538796.0,Mother+bud at cytokinesis,2+ ($n_2$=138)
1,4.0,Position_4,MIA_KC_htb1_mCitrine_labeled,S,0,97.45481842868102,102.13260245941753,242848.0,523167.0,157.93255390589653,157.93255390589653,523167.0,Mother+bud at cytokinesis,2+ ($n_2$=138)
1,4.0,Position_5,MIA_KC_htb1_mCitrine_labeled,S,0,178.85638155220383,171.90359260619036,333904.0,549417.0,237.74058731663115,237.74058731663115,549417.0,Mother+bud at cytokinesis,2+ ($n_2$=138)
1,4.0,Position_8,MIA_KC_htb1_mCitrine_labeled,S,0,152.47759796866765,136.2662355698856,360817.0,677692.0,175.28960010470064,175.28960010470064,677692.0,Mother+bud at cytokinesis,2+ ($n_2$=138)
1,5.0,Position_1,MIA_KC_htb1_mCitrine_flu_control_labeled,G1,1,133.2088428220718,148.95793119777318,2055.0,2618.9999999999955,148.95793119777318,133.2088428220718,2055.0,AF control at G1-entry,2+ ($n_2$=138)
1,5.0,Position_2,MIA_KC_htb1_mCitrine_labeled,G1,0,169.7197952311409,169.90429518897062,288041.0,282053.0,169.90429518897062,169.7197952311409,288041.0,At G1-entry,2+ ($n_2$=138)
1,5.0,Position_3,MIA_KC_htb1_mCitrine_flu_control_labeled,G1,1,104.16915970717204,110.42260352360404,1133.000000000001,1758.0000000000025,110.42260352360404,104.16915970717204,1133.000000000001,AF control at G1-entry,2+ ($n_2$=138)
1,5.0,Position_3,MIA_KC_htb1_mCitrine_labeled,G1,0,123.98243071174818,130.6382767782518,280222.0,280835.0,130.6382767782518,123.98243071174818,280222.0,At G1-entry,2+ ($n_2$=138)
1,5.0,Position_4,MIA_KC_htb1_mCitrine_labeled,G1,0,105.9412109051214,111.66929898359132,252899.0,272355.0,111.66929898359132,105.9412109051214,252899.0,At G1-entry,2+ ($n_2$=138)
1,5.0,Position_5,MIA_KC_htb1_mCitrine_labeled,G1,0,175.833843446424,183.4869349694889,287478.0,317937.0,183.4869349694889,175.833843446424,287478.0,At G1-entry,2+ ($n_2$=138)
1,5.0,Position_8,MIA_KC_htb1_mCitrine_labeled,G1,0,132.39369410360538,149.9324817745291,343784.0,350720.0,149.9324817745291,132.39369410360538,343784.0,At G1-entry,2+ ($n_2$=138)
1,5.0,Position_1,MIA_KC_htb1_mCitrine_flu_control_labeled,S,1,148.22702448767248,124.82085260266584,1606.999999999996,1879.9999999999943,176.80602629809297,176.80602629809297,1879.9999999999943,"AF control, m+b at cytokinesis",2+ ($n_2$=138)
1,5.0,Position_2,MIA_KC_htb1_mCitrine_labeled,S,0,165.8926330686326,172.57560525995302,283158.0,453875.0,235.7827611318732,235.7827611318732,453875.0,Mother+bud at cytokinesis,2+ ($n_2$=138)
1,5.0,Position_3,MIA_KC_htb1_mCitrine_flu_control_labeled,S,1,115.17677823855767,112.58319162454056,2346.999999999997,3320.9999999999973,180.2176608918419,180.2176608918419,3320.9999999999973,"AF control, m+b at cytokinesis",2+ ($n_2$=138)
1,5.0,Position_3,MIA_KC_htb1_mCitrine_labeled,S,0,132.59209112369442,132.65559358684172,287511.0,545702.0,172.80013333321824,172.80013333321824,545702.0,Mother+bud at cytokinesis,2+ ($n_2$=138)
1,5.0,Position_4,MIA_KC_htb1_mCitrine_labeled,S,0,104.93903199470526,108.15080501802608,262978.0,571737.0,186.8706356454176,186.8706356454176,571737.0,Mother+bud at cytokinesis,2+ ($n_2$=138)
1,5.0,Position_5,MIA_KC_htb1_mCitrine_labeled,S,0,186.08377886476816,187.24381632559687,331708.0,516250.0,238.89214478491968,238.89214478491968,516250.0,Mother+bud at cytokinesis,2+ ($n_2$=138)
1,5.0,Position_8,MIA_KC_htb1_mCitrine_labeled,S,0,138.71570892682462,118.1172586763908,356532.0,667087.0,182.683992849782,182.683992849782,667087.0,Mother+bud at cytokinesis,2+ ($n_2$=138)
1,6.0,Position_1,MIA_KC_htb1_mCitrine_flu_control_labeled,G1,1,128.78405540756077,142.64106005235726,1900.0000000000016,2385.9999999999964,142.64106005235726,128.78405540756077,1900.0000000000016,AF control at G1-entry,2+ ($n_2$=138)
1,6.0,Position_2,MIA_KC_htb1_mCitrine_labeled,G1,0,178.52991351432755,184.5987359903806,246248.00000000003,276149.0,184.5987359903806,178.52991351432755,246248.00000000003,At G1-entry,2+ ($n_2$=138)
1,6.0,Position_3,MIA_KC_htb1_mCitrine_labeled,G1,0,131.6393615862814,133.32059301912994,294534.0,313322.0,133.32059301912994,131.6393615862814,294534.0,At G1-entry,2+ ($n_2$=138)
1,6.0,Position_4,MIA_KC_htb1_mCitrine_labeled,G1,0,111.29125240082936,110.90069994459866,310211.99999999994,302638.0,110.90069994459866,111.29125240082936,310211.99999999994,At G1-entry,2+ ($n_2$=138)
1,6.0,Position_5,MIA_KC_htb1_mCitrine_labeled,G1,0,181.29242998227005,191.41224705508708,255264.0,228777.0,191.41224705508708,181.29242998227005,255264.0,At G1-entry,2+ ($n_2$=138)
1,6.0,Position_8,MIA_KC_htb1_mCitrine_labeled,G1,0,118.26132885563324,117.24124555871092,354149.0,325548.0,117.24124555871092,118.26132885563324,354149.0,At G1-entry,2+ ($n_2$=138)
1,6.0,Position_1,MIA_KC_htb1_mCitrine_flu_control_labeled,S,1,144.17316033964067,141.17195659945884,2483.0000000000014,2515.9999999999973,188.4385484905683,188.4385484905683,2515.9999999999973,"AF control, m+b at cytokinesis",2+ ($n_2$=138)
1,6.0,Position_2,MIA_KC_htb1_mCitrine_labeled,S,0,183.53319758581088,168.059252723461,283352.0,469241.0,298.60554982930086,298.60554982930086,469241.0,Mother+bud at cytokinesis,2+ ($n_2$=138)
1,6.0,Position_3,MIA_KC_htb1_mCitrine_labeled,S,0,131.32810937983243,116.44562563537066,326366.00000000006,491697.0,176.47188438719576,176.47188438719576,491697.0,Mother+bud at cytokinesis,2+ ($n_2$=138)
1,6.0,Position_4,MIA_KC_htb1_mCitrine_labeled,S,0,108.52355708495192,117.01168454005165,320568.0,550955.0,180.1522952159877,180.1522952159877,550955.0,Mother+bud at cytokinesis,2+ ($n_2$=138)
1,6.0,Position_5,MIA_KC_htb1_mCitrine_labeled,S,0,188.83884111065169,199.353511096412,238898.0,440915.0,294.5919093759968,294.5919093759968,440915.0,Mother+bud at cytokinesis,2+ ($n_2$=138)
1,6.0,Position_8,MIA_KC_htb1_mCitrine_labeled,S,0,119.62093119262516,141.48104150753989,345338.0,660197.0,209.50261104798247,209.50261104798247,660197.0,Mother+bud at cytokinesis,2+ ($n_2$=138)
1,7.0,Position_2,MIA_KC_htb1_mCitrine_labeled,G1,0,166.6485705365503,180.5379073457418,224295.0,285491.0,180.5379073457418,166.6485705365503,224295.0,At G1-entry,2+ ($n_2$=138)
1,7.0,Position_3,MIA_KC_htb1_mCitrine_labeled,G1,0,122.28683429779798,128.8529137764874,267048.99999999994,278265.0,128.8529137764874,122.28683429779798,267048.99999999994,At G1-entry,2+ ($n_2$=138)
1,7.0,Position_4,MIA_KC_htb1_mCitrine_labeled,G1,0,121.58916506912158,122.33991076134932,305090.99999999994,313203.99999999994,122.33991076134932,121.58916506912158,305090.99999999994,At G1-entry,2+ ($n_2$=138)
1,7.0,Position_5,MIA_KC_htb1_mCitrine_labeled,G1,0,202.4090324016392,197.0921851614281,222454.0,252454.00000000003,197.0921851614281,202.4090324016392,222454.0,At G1-entry,2+ ($n_2$=138)
1,7.0,Position_8,MIA_KC_htb1_mCitrine_labeled,G1,0,137.111829189218,145.43252057539644,337096.0,434503.0,145.43252057539644,137.111829189218,337096.0,At G1-entry,2+ ($n_2$=138)
1,7.0,Position_2,MIA_KC_htb1_mCitrine_labeled,S,0,183.0499853621579,186.1604838446508,314878.0,491646.0,242.9887257299553,242.9887257299553,491646.0,Mother+bud at cytokinesis,2+ ($n_2$=138)
1,7.0,Position_3,MIA_KC_htb1_mCitrine_labeled,S,0,125.71430980967688,142.56878490395832,287444.0,443143.0,201.11283339084625,201.11283339084625,443143.0,Mother+bud at cytokinesis,2+ ($n_2$=138)
1,7.0,Position_4,MIA_KC_htb1_mCitrine_labeled,S,0,122.97542001289266,136.72102000756942,317968.0,558626.0,194.2811947544781,194.2811947544781,558626.0,Mother+bud at cytokinesis,2+ ($n_2$=138)
1,7.0,Position_5,MIA_KC_htb1_mCitrine_labeled,S,0,206.2350154655137,204.7956449250252,269519.0,490967.0,259.0617094890983,259.0617094890983,490967.0,Mother+bud at cytokinesis,2+ ($n_2$=138)
1,7.0,Position_8,MIA_KC_htb1_mCitrine_labeled,S,0,146.66742120835852,153.24655661685418,460017.0,654097.0,184.38151679989264,184.38151679989264,654097.0,Mother+bud at cytokinesis,2+ ($n_2$=138)
1,8.0,Position_4,MIA_KC_htb1_mCitrine_labeled,G1,0,133.2041407256497,142.37475300182217,307859.0,336663.0,142.37475300182217,133.2041407256497,307859.0,At G1-entry,2+ ($n_2$=138)
1,8.0,Position_4,MIA_KC_htb1_mCitrine_labeled,S,0,143.48448072768352,138.09996995247906,362713.0,716862.0,179.19964719414787,179.19964719414787,716862.0,Mother+bud at cytokinesis,2+ ($n_2$=138)
2,1.0,Position_3,MIA_KC_htb1_mCitrine_labeled,G1,0,43.15962758814019,100.81950423626328,273106.0,245547.00000000003,100.81950423626328,43.15962758814019,273106.0,At G1-entry,1st ($n_1$=77)
2,1.0,Position_4,MIA_KC_htb1_mCitrine_labeled,G1,0,60.44397122283403,66.22854296728276,372525.0,358934.0,66.22854296728276,60.44397122283403,372525.0,At G1-entry,1st ($n_1$=77)
2,1.0,Position_5,MIA_KC_htb1_mCitrine_labeled,G1,0,76.99940755907862,93.53245150573838,371934.0,357563.0,93.53245150573838,76.99940755907862,371934.0,At G1-entry,1st ($n_1$=77)
2,1.0,Position_3,MIA_KC_htb1_mCitrine_labeled,S,0,102.82964685021368,82.4884501866214,254921.00000000003,478454.0,134.69930563818298,134.69930563818298,478454.0,Mother+bud at cytokinesis,1st ($n_1$=77)
2,1.0,Position_4,MIA_KC_htb1_mCitrine_labeled,S,0,68.24755035894125,91.6548857602161,365014.0,558475.0,142.93802096408496,142.93802096408496,558475.0,Mother+bud at cytokinesis,1st ($n_1$=77)
2,1.0,Position_5,MIA_KC_htb1_mCitrine_labeled,S,0,93.96465685815645,89.77193609706151,345625.0,525138.0,154.1805247821485,154.1805247821485,525138.0,Mother+bud at cytokinesis,1st ($n_1$=77)
2,2.0,Position_3,MIA_KC_htb1_mCitrine_labeled,G1,0,93.339906745558,109.80537239936548,232591.00000000003,256082.0,109.80537239936548,93.339906745558,232591.00000000003,At G1-entry,2+ ($n_2$=138)
2,2.0,Position_4,MIA_KC_htb1_mCitrine_labeled,G1,0,88.14969825101295,106.92198121059312,287588.0,258160.0,106.92198121059312,88.14969825101295,287588.0,At G1-entry,2+ ($n_2$=138)
2,2.0,Position_5,MIA_KC_htb1_mCitrine_labeled,G1,0,85.15528885425039,121.334364327515,294555.0,295723.99999999994,121.334364327515,85.15528885425039,294555.0,At G1-entry,2+ ($n_2$=138)
2,2.0,Position_3,MIA_KC_htb1_mCitrine_labeled,S,0,107.55867718015156,98.71940263529908,260678.0,482189.0,153.5491505103153,153.5491505103153,482189.0,Mother+bud at cytokinesis,2+ ($n_2$=138)
2,2.0,Position_4,MIA_KC_htb1_mCitrine_labeled,S,0,100.80882372482549,105.03737824717912,272337.0,492638.0,199.43957568115303,199.43957568115303,492638.0,Mother+bud at cytokinesis,2+ ($n_2$=138)
2,2.0,Position_5,MIA_KC_htb1_mCitrine_labeled,S,0,107.74395982416144,109.65048657108464,291937.0,480540.0,191.49879536510207,191.49879536510207,480540.0,Mother+bud at cytokinesis,2+ ($n_2$=138)
2,3.0,Position_1,MIA_KC_htb1_mCitrine_flu_control_labeled,G1,1,98.16740364207122,118.09564345548824,1733.9999999999986,1461.0000000000025,118.09564345548824,98.16740364207122,1733.9999999999986,AF control at G1-entry,2+ ($n_2$=138)
2,3.0,Position_3,MIA_KC_htb1_mCitrine_flu_control_labeled,G1,1,119.73572429157834,129.7837735253646,1486.0000000000014,995.0000000000013,129.7837735253646,119.73572429157834,1486.0000000000014,AF control at G1-entry,2+ ($n_2$=138)
2,3.0,Position_3,MIA_KC_htb1_mCitrine_labeled,G1,0,101.1767557014082,102.75897482021512,269130.0,272217.0,102.75897482021512,101.1767557014082,269130.0,At G1-entry,2+ ($n_2$=138)
2,3.0,Position_4,MIA_KC_htb1_mCitrine_labeled,G1,0,107.95219272875556,131.7032497167145,237464.0,306538.99999999994,131.7032497167145,107.95219272875556,237464.0,At G1-entry,2+ ($n_2$=138)
2,3.0,Position_5,MIA_KC_htb1_mCitrine_labeled,G1,0,114.53957465842008,135.54255363401023,226487.0,250977.0,135.54255363401023,114.53957465842008,226487.0,At G1-entry,2+ ($n_2$=138)
2,3.0,Position_8,MIA_KC_htb1_mCitrine_labeled,G1,0,113.20283182764084,117.93389207739298,406802.0,370905.0,117.93389207739298,113.20283182764084,406802.0,At G1-entry,2+ ($n_2$=138)
2,3.0,Position_1,MIA_KC_htb1_mCitrine_flu_control_labeled,S,1,121.36181208655223,126.50239702271384,1066.9999999999986,2043.0000000000025,173.59802341759547,173.59802341759547,2043.0000000000025,"AF control, m+b at cytokinesis",2+ ($n_2$=138)
2,3.0,Position_3,MIA_KC_htb1_mCitrine_flu_control_labeled,S,1,127.30618000455463,129.11186460291978,2094.000000000001,2838.000000000004,176.48658168662894,176.48658168662894,2838.000000000004,"AF control, m+b at cytokinesis",2+ ($n_2$=138)
2,3.0,Position_3,MIA_KC_htb1_mCitrine_labeled,S,0,111.05047025469553,103.06024582081754,265988.0,506808.0,163.8141784102193,163.8141784102193,506808.0,Mother+bud at cytokinesis,2+ ($n_2$=138)
2,3.0,Position_4,MIA_KC_htb1_mCitrine_labeled,S,0,132.4422174224297,121.13042471721008,329508.0,530985.0,180.7211927256218,180.7211927256218,530985.0,Mother+bud at cytokinesis,2+ ($n_2$=138)
2,3.0,Position_5,MIA_KC_htb1_mCitrine_labeled,S,0,127.98819949317834,149.88713477881788,254895.0,509245.0,236.1011469410556,236.1011469410556,509245.0,Mother+bud at cytokinesis,2+ ($n_2$=138)
2,3.0,Position_8,MIA_KC_htb1_mCitrine_labeled,S,0,116.927881922364,114.55794058739366,374758.0,713750.0,196.8409225963701,196.8409225963701,713750.0,Mother+bud at cytokinesis,2+ ($n_2$=138)
2,4.0,Position_1,MIA_KC_htb1_mCitrine_flu_control_labeled,G1,1,127.349221716826,144.017701783424,1393.0000000000011,2561.999999999999,144.017701783424,127.349221716826,1393.0000000000011,AF control at G1-entry,2+ ($n_2$=138)
2,4.0,Position_3,MIA_KC_htb1_mCitrine_flu_control_labeled,G1,1,130.73141302002364,142.4697455890567,2050.000000000004,1963.0000000000043,142.4697455890567,130.73141302002364,2050.000000000004,AF control at G1-entry,2+ ($n_2$=138)
2,4.0,Position_3,MIA_KC_htb1_mCitrine_labeled,G1,0,114.96807013431068,102.9032263138409,264277.0,270246.0,102.9032263138409,114.96807013431068,264277.0,At G1-entry,2+ ($n_2$=138)
2,4.0,Position_4,MIA_KC_htb1_mCitrine_labeled,G1,0,116.93856283854733,130.4089993711792,274843.0,286558.0,130.4089993711792,116.93856283854733,274843.0,At G1-entry,2+ ($n_2$=138)
2,4.0,Position_5,MIA_KC_htb1_mCitrine_labeled,G1,0,149.54779255109028,149.3174975594403,273074.0,282848.0,149.3174975594403,149.54779255109028,273074.0,At G1-entry,2+ ($n_2$=138)
2,4.0,Position_8,MIA_KC_htb1_mCitrine_labeled,G1,0,118.39793951403374,116.22490204685356,358286.0,389848.0,116.22490204685356,118.39793951403374,358286.0,At G1-entry,2+ ($n_2$=138)
2,4.0,Position_1,MIA_KC_htb1_mCitrine_flu_control_labeled,S,1,145.71800269454076,135.81073833200864,1574.0000000000005,3488.999999999998,179.1350986958348,179.1350986958348,3488.999999999998,"AF control, m+b at cytokinesis",2+ ($n_2$=138)
2,4.0,Position_3,MIA_KC_htb1_mCitrine_flu_control_labeled,S,1,136.3849096847816,128.52317151960085,1709.9999999999998,2153.000000000001,183.77436956784584,183.77436956784584,2153.000000000001,"AF control, m+b at cytokinesis",2+ ($n_2$=138)
2,4.0,Position_3,MIA_KC_htb1_mCitrine_labeled,S,0,105.25674937087952,113.84137914727448,279085.0,526875.0,148.96113852556013,148.96113852556013,526875.0,Mother+bud at cytokinesis,2+ ($n_2$=138)
2,4.0,Position_4,MIA_KC_htb1_mCitrine_labeled,S,0,128.99548721952434,151.75608545892587,298539.00000000006,443101.0,241.8590390050712,241.8590390050712,443101.0,Mother+bud at cytokinesis,2+ ($n_2$=138)
2,4.0,Position_5,MIA_KC_htb1_mCitrine_labeled,S,0,144.9421742711151,141.76063936804618,302546.0,559005.0,200.7763829541261,200.7763829541261,559005.0,Mother+bud at cytokinesis,2+ ($n_2$=138)
2,4.0,Position_8,MIA_KC_htb1_mCitrine_labeled,S,0,118.2797538186361,121.13678585283236,400655.0,708528.0,162.73837471939896,162.73837471939896,708528.0,Mother+bud at cytokinesis,2+ ($n_2$=138)
2,5.0,Position_1,MIA_KC_htb1_mCitrine_flu_control_labeled,G1,1,142.02299171327672,148.52608620483912,1739.9999999999984,1561.9999999999975,148.52608620483912,142.02299171327672,1739.9999999999984,AF control at G1-entry,2+ ($n_2$=138)
2,5.0,Position_3,MIA_KC_htb1_mCitrine_flu_control_labeled,G1,1,130.12874732595333,149.00646907735086,1911.9999999999995,2194.999999999999,149.00646907735086,130.12874732595333,1911.9999999999995,AF control at G1-entry,2+ ($n_2$=138)
2,5.0,Position_3,MIA_KC_htb1_mCitrine_labeled,G1,0,112.87402888057146,119.81740160510482,288811.0,300333.0,119.81740160510482,112.87402888057146,288811.0,At G1-entry,2+ ($n_2$=138)
2,5.0,Position_5,MIA_KC_htb1_mCitrine_labeled,G1,0,144.80302945431572,141.34312451342234,327217.00000000006,348737.0,141.34312451342234,144.80302945431572,327217.00000000006,At G1-entry,2+ ($n_2$=138)
2,5.0,Position_8,MIA_KC_htb1_mCitrine_labeled,G1,0,120.80561189733076,133.05861639967802,348034.0,463546.0,133.05861639967802,120.80561189733076,348034.0,At G1-entry,2+ ($n_2$=138)
2,5.0,Position_1,MIA_KC_htb1_mCitrine_flu_control_labeled,S,1,147.4884895280661,133.63106408702396,1682.0000000000005,3321.9999999999964,190.94516776507675,190.94516776507675,3321.9999999999964,"AF control, m+b at cytokinesis",2+ ($n_2$=138)
2,5.0,Position_3,MIA_KC_htb1_mCitrine_flu_control_labeled,S,1,145.80818525672083,123.70545592875204,1485.9999999999995,3463.999999999998,175.9201644033132,175.9201644033132,3463.999999999998,"AF control, m+b at cytokinesis",2+ ($n_2$=138)
2,5.0,Position_3,MIA_KC_htb1_mCitrine_labeled,S,0,116.68626577590722,107.21269261403452,304035.0,492807.0,161.1286640136451,161.1286640136451,492807.0,Mother+bud at cytokinesis,2+ ($n_2$=138)
2,5.0,Position_5,MIA_KC_htb1_mCitrine_labeled,S,0,145.0478814745267,139.78714179095095,368331.00000000006,550719.0,195.3349541236801,195.3349541236801,550719.0,Mother+bud at cytokinesis,2+ ($n_2$=138)
2,5.0,Position_8,MIA_KC_htb1_mCitrine_labeled,S,0,138.64551851630708,131.3972020435643,482410.0,674729.0,156.8057254427758,156.8057254427758,674729.0,Mother+bud at cytokinesis,2+ ($n_2$=138)
2,6.0,Position_1,MIA_KC_htb1_mCitrine_flu_control_labeled,G1,1,134.783478042035,129.37231464171109,2115.000000000004,2518.0,129.37231464171109,134.783478042035,2115.000000000004,AF control at G1-entry,2+ ($n_2$=138)
2,6.0,Position_3,MIA_KC_htb1_mCitrine_flu_control_labeled,G1,1,135.97596043116835,128.37486259290566,2068.9999999999977,2717.0000000000027,128.37486259290566,135.97596043116835,2068.9999999999977,AF control at G1-entry,2+ ($n_2$=138)
2,6.0,Position_8,MIA_KC_htb1_mCitrine_labeled,G1,0,133.8482986341423,146.66940239523615,369500.0,406766.0,146.66940239523615,133.8482986341423,369500.0,At G1-entry,2+ ($n_2$=138)
2,6.0,Position_1,MIA_KC_htb1_mCitrine_flu_control_labeled,S,1,128.24003610146602,123.60770221149996,1904.999999999999,2147.9999999999955,162.37239767743034,162.37239767743034,2147.9999999999955,"AF control, m+b at cytokinesis",2+ ($n_2$=138)
2,6.0,Position_3,MIA_KC_htb1_mCitrine_flu_control_labeled,S,1,134.1868091446523,146.1755133714086,2274.9999999999973,2898.999999999998,202.87038678619075,202.87038678619075,2898.999999999998,"AF control, m+b at cytokinesis",2+ ($n_2$=138)
2,6.0,Position_8,MIA_KC_htb1_mCitrine_labeled,S,0,132.20988477466548,128.98042885195153,415849.0,663363.0,184.7843748030001,184.7843748030001,663363.0,Mother+bud at cytokinesis,2+ ($n_2$=138)
2,7.0,Position_1,MIA_KC_htb1_mCitrine_flu_control_labeled,G1,1,130.11891057880868,129.9385845736274,1852.9999999999995,2201.000000000002,129.9385845736274,130.11891057880868,1852.9999999999995,AF control at G1-entry,2+ ($n_2$=138)
2,7.0,Position_3,MIA_KC_htb1_mCitrine_flu_control_labeled,G1,1,127.57807753180842,140.75926656965098,785.0000000000009,2333.999999999997,140.75926656965098,127.57807753180842,785.0000000000009,AF control at G1-entry,2+ ($n_2$=138)
2,7.0,Position_8,MIA_KC_htb1_mCitrine_labeled,G1,0,128.80493017028886,136.88890921552377,346398.0,388512.0,136.88890921552377,128.80493017028886,346398.0,At G1-entry,2+ ($n_2$=138)
2,7.0,Position_1,MIA_KC_htb1_mCitrine_flu_control_labeled,S,1,127.512693783124,123.2441873906584,2761.0000000000027,2443.9999999999973,185.21005198977656,185.21005198977656,2443.9999999999973,"AF control, m+b at cytokinesis",2+ ($n_2$=138)
2,7.0,Position_3,MIA_KC_htb1_mCitrine_flu_control_labeled,S,1,130.0241448223727,150.86630562634775,1921.0000000000025,3691.000000000004,193.71966761896184,193.71966761896184,3691.000000000004,"AF control, m+b at cytokinesis",2+ ($n_2$=138)
2,7.0,Position_8,MIA_KC_htb1_mCitrine_labeled,S,0,133.87004799746867,138.73055735094573,395245.0,596878.0,177.46290027559374,177.46290027559374,596878.0,Mother+bud at cytokinesis,2+ ($n_2$=138)
2,8.0,Position_3,MIA_KC_htb1_mCitrine_flu_control_labeled,G1,1,150.69118520304207,147.47084073421303,1860.9999999999952,2342.0000000000023,147.47084073421303,150.69118520304207,1860.9999999999952,AF control at G1-entry,2+ ($n_2$=138)
2,8.0,Position_3,MIA_KC_htb1_mCitrine_flu_control_labeled,S,1,159.57882173631103,146.62730978752336,1923.9999999999984,2433.0000000000014,169.08633696068253,169.08633696068253,2433.0000000000014,"AF control, m+b at cytokinesis",2+ ($n_2$=138)
3,1.0,Position_1,MIA_KC_htb1_mCitrine_flu_control_labeled,G1,1,54.38980720100628,109.04562080917428,702.0000000000017,1897.0,109.04562080917428,54.38980720100628,702.0000000000017,AF control at G1-entry,1st ($n_1$=77)
3,1.0,Position_2,MIA_KC_htb1_mCitrine_labeled,G1,0,61.23721924449839,80.18402520113881,259548.0,271944.0,80.18402520113881,61.23721924449839,259548.0,At G1-entry,1st ($n_1$=77)
3,1.0,Position_3,MIA_KC_htb1_mCitrine_flu_control_labeled,G1,1,49.390168807803775,90.2283855855958,1280.9999999999984,1090.0000000000025,90.2283855855958,49.390168807803775,1280.9999999999984,AF control at G1-entry,1st ($n_1$=77)
3,1.0,Position_5,MIA_KC_htb1_mCitrine_labeled,G1,0,75.17349578825919,75.18442183044829,293740.0,305444.0,75.18442183044829,75.17349578825919,293740.0,At G1-entry,1st ($n_1$=77)
3,1.0,Position_8,MIA_KC_htb1_mCitrine_labeled,G1,0,45.846278076525415,83.49142867306213,338852.0,357981.0,83.49142867306213,45.846278076525415,338852.0,At G1-entry,1st ($n_1$=77)
3,1.0,Position_1,MIA_KC_htb1_mCitrine_flu_control_labeled,S,1,105.1215757588937,95.781256873869,1483.999999999996,2734.000000000003,152.3497376790268,152.3497376790268,2734.000000000003,"AF control, m+b at cytokinesis",1st ($n_1$=77)
3,1.0,Position_2,MIA_KC_htb1_mCitrine_labeled,S,0,77.01085992557664,70.84931489792253,272058.0,526821.0,146.738044954421,146.738044954421,526821.0,Mother+bud at cytokinesis,1st ($n_1$=77)
3,1.0,Position_3,MIA_KC_htb1_mCitrine_flu_control_labeled,S,1,83.37388764457604,101.90411287933422,1011.0,2143.0000000000005,144.81459493103776,144.81459493103776,2143.0000000000005,"AF control, m+b at cytokinesis",1st ($n_1$=77)
3,1.0,Position_5,MIA_KC_htb1_mCitrine_labeled,S,0,67.43321005291608,89.56034532727007,307644.0,548352.0,208.63369726963907,208.63369726963907,548352.0,Mother+bud at cytokinesis,1st ($n_1$=77)
3,1.0,Position_8,MIA_KC_htb1_mCitrine_labeled,S,0,85.58328872600148,73.87352095511966,364529.0,626665.0,115.91896305114552,115.91896305114552,626665.0,Mother+bud at cytokinesis,1st ($n_1$=77)
3,2.0,Position_1,MIA_KC_htb1_mCitrine_flu_control_labeled,G1,1,101.66002748242296,121.567549369656,1833.0,1009.9999999999976,121.567549369656,101.66002748242296,1833.0,AF control at G1-entry,2+ ($n_2$=138)
3,2.0,Position_2,MIA_KC_htb1_mCitrine_labeled,G1,0,81.45489703153243,95.93498479553418,265838.0,263408.0,95.93498479553418,81.45489703153243,265838.0,At G1-entry,2+ ($n_2$=138)
3,2.0,Position_3,MIA_KC_htb1_mCitrine_flu_control_labeled,G1,1,101.60701382537732,113.065948776924,1204.9999999999984,1600.9999999999984,113.065948776924,101.60701382537732,1204.9999999999984,AF control at G1-entry,2+ ($n_2$=138)
3,2.0,Position_5,MIA_KC_htb1_mCitrine_labeled,G1,0,87.90276945492592,87.65297494449513,279125.0,259213.0,87.65297494449513,87.90276945492592,279125.0,At G1-entry,2+ ($n_2$=138)
3,2.0,Position_8,MIA_KC_htb1_mCitrine_labeled,G1,0,78.39676823309323,79.8669477127076,321876.0,309979.0,79.8669477127076,78.39676823309323,321876.0,At G1-entry,2+ ($n_2$=138)
3,2.0,Position_1,MIA_KC_htb1_mCitrine_flu_control_labeled,S,1,126.94751508652487,113.53139261540574,1453.0000000000032,3209.999999999999,174.1633718549381,174.1633718549381,3209.999999999999,"AF control, m+b at cytokinesis",2+ ($n_2$=138)
3,2.0,Position_2,MIA_KC_htb1_mCitrine_labeled,S,0,91.50593417865863,100.93578273103026,266327.0,497308.0,182.1370188045418,182.1370188045418,497308.0,Mother+bud at cytokinesis,2+ ($n_2$=138)
3,2.0,Position_3,MIA_KC_htb1_mCitrine_flu_control_labeled,S,1,112.06521565477097,105.61918095722773,672.0000000000017,2912.9999999999964,151.68968772007668,151.68968772007668,2912.9999999999964,"AF control, m+b at cytokinesis",2+ ($n_2$=138)
3,2.0,Position_5,MIA_KC_htb1_mCitrine_labeled,S,0,88.5981655476371,86.59006225962874,255622.0,508262.0,133.46997742131538,133.46997742131538,508262.0,Mother+bud at cytokinesis,2+ ($n_2$=138)
3,2.0,Position_8,MIA_KC_htb1_mCitrine_labeled,S,0,78.60634470143538,93.86810871191396,307925.0,580191.0,124.35846038269544,124.35846038269544,580191.0,Mother+bud at cytokinesis,2+ ($n_2$=138)
3,3.0,Position_1,MIA_KC_htb1_mCitrine_flu_control_labeled,G1,1,118.41303789093476,132.9195431909164,1872.0000000000005,1936.0000000000025,132.9195431909164,118.41303789093476,1872.0000000000005,AF control at G1-entry,2+ ($n_2$=138)
3,3.0,Position_3,MIA_KC_htb1_mCitrine_flu_control_labeled,G1,1,105.5857350638129,116.87660233287818,1886.9999999999984,1368.9999999999982,116.87660233287818,105.5857350638129,1886.9999999999984,AF control at G1-entry,2+ ($n_2$=138)
3,3.0,Position_4,MIA_KC_htb1_mCitrine_labeled,G1,0,203.1537930979315,212.9940847073095,326333.0,407693.00000000006,212.9940847073095,203.1537930979315,326333.0,At G1-entry,2+ ($n_2$=138)
3,3.0,Position_5,MIA_KC_htb1_mCitrine_labeled,G1,0,91.8453401885802,97.08497398003772,263181.0,258054.00000000003,97.08497398003772,91.8453401885802,263181.0,At G1-entry,2+ ($n_2$=138)
3,3.0,Position_8,MIA_KC_htb1_mCitrine_labeled,G1,0,95.05251545734758,100.39164673769471,317974.0,313608.0,100.39164673769471,95.05251545734758,317974.0,At G1-entry,2+ ($n_2$=138)
3,3.0,Position_1,MIA_KC_htb1_mCitrine_flu_control_labeled,S,1,136.27003029121045,116.4548010929176,2718.9999999999995,2954.999999999996,188.9349710795878,188.9349710795878,2954.999999999996,"AF control, m+b at cytokinesis",2+ ($n_2$=138)
3,3.0,Position_3,MIA_KC_htb1_mCitrine_flu_control_labeled,S,1,112.69335862127885,109.63382844133424,1764.9999999999984,2219.0000000000014,151.22220838559747,151.22220838559747,2219.0000000000014,"AF control, m+b at cytokinesis",2+ ($n_2$=138)
3,3.0,Position_4,MIA_KC_htb1_mCitrine_labeled,S,0,202.4889778254929,193.31525912516344,425954.0,664181.0,247.591687820024,247.591687820024,664181.0,Mother+bud at cytokinesis,2+ ($n_2$=138)
3,3.0,Position_5,MIA_KC_htb1_mCitrine_labeled,S,0,95.26849289389943,94.85221335957353,268500.0,490072.0,131.77590015339933,131.77590015339933,490072.0,Mother+bud at cytokinesis,2+ ($n_2$=138)
3,3.0,Position_8,MIA_KC_htb1_mCitrine_labeled,S,0,92.19354392278456,79.22153767626757,323524.0,614865.0,124.83167694646636,124.83167694646636,614865.0,Mother+bud at cytokinesis,2+ ($n_2$=138)
3,4.0,Position_1,MIA_KC_htb1_mCitrine_flu_control_labeled,G1,1,117.87766685996104,131.78019284537984,2213.999999999998,2937.000000000004,131.78019284537984,117.87766685996104,2213.999999999998,AF control at G1-entry,2+ ($n_2$=138)
3,4.0,Position_3,MIA_KC_htb1_mCitrine_flu_control_labeled,G1,1,108.57042010618686,108.40073274035412,1711.9999999999964,1725.999999999998,108.40073274035412,108.57042010618686,1711.9999999999964,AF control at G1-entry,2+ ($n_2$=138)
3,4.0,Position_4,MIA_KC_htb1_mCitrine_labeled,G1,0,197.9639534760087,206.0813357397392,356267.0,342298.0,206.0813357397392,197.9639534760087,356267.0,At G1-entry,2+ ($n_2$=138)
3,4.0,Position_5,MIA_KC_htb1_mCitrine_labeled,G1,0,99.2942774972717,102.0390157507647,278063.0,347764.0,102.0390157507647,99.2942774972717,278063.0,At G1-entry,2+ ($n_2$=138)
3,4.0,Position_8,MIA_KC_htb1_mCitrine_labeled,G1,0,72.67442253696204,84.97459370697706,320562.0,369286.0,84.97459370697706,72.67442253696204,320562.0,At G1-entry,2+ ($n_2$=138)
3,4.0,Position_1,MIA_KC_htb1_mCitrine_flu_control_labeled,S,1,139.55734743729522,115.35142293287788,1809.0000000000043,2500.999999999998,182.0156620048268,182.0156620048268,2500.999999999998,"AF control, m+b at cytokinesis",2+ ($n_2$=138)
3,4.0,Position_3,MIA_KC_htb1_mCitrine_flu_control_labeled,S,1,112.06363277227696,104.37477088612674,1553.999999999999,2385.0000000000005,156.00477524498586,156.00477524498586,2385.0000000000005,"AF control, m+b at cytokinesis",2+ ($n_2$=138)
3,4.0,Position_4,MIA_KC_htb1_mCitrine_labeled,S,0,191.4556305900176,193.6749334391893,341674.0,515592.0,264.9304760316423,264.9304760316423,515592.0,Mother+bud at cytokinesis,2+ ($n_2$=138)
3,4.0,Position_5,MIA_KC_htb1_mCitrine_labeled,S,0,101.66596858105564,117.89591355667493,364502.0,478762.0,139.72202147571628,139.72202147571628,478762.0,Mother+bud at cytokinesis,2+ ($n_2$=138)
3,4.0,Position_8,MIA_KC_htb1_mCitrine_labeled,S,0,84.48157511745475,94.29326173526783,384807.0,566129.0,139.63322904467452,139.63322904467452,566129.0,Mother+bud at cytokinesis,2+ ($n_2$=138)
3,5.0,Position_1,MIA_KC_htb1_mCitrine_flu_control_labeled,G1,1,116.54004768129982,140.19570951639142,2215.999999999998,1657.0000000000002,140.19570951639142,116.54004768129982,2215.999999999998,AF control at G1-entry,2+ ($n_2$=138)
3,5.0,Position_4,MIA_KC_htb1_mCitrine_labeled,G1,0,192.89957807538207,197.95721255164003,278476.0,341109.0,197.95721255164003,192.89957807538207,278476.0,At G1-entry,2+ ($n_2$=138)
3,5.0,Position_8,MIA_KC_htb1_mCitrine_labeled,G1,0,95.96104009426185,90.70952907925604,290647.0,347551.0,90.70952907925604,95.96104009426185,290647.0,At G1-entry,2+ ($n_2$=138)
3,5.0,Position_1,MIA_KC_htb1_mCitrine_flu_control_labeled,S,1,130.84342657119902,114.4135637821702,2466.9999999999995,1626.999999999996,167.10740391817552,167.10740391817552,1626.999999999996,"AF control, m+b at cytokinesis",2+ ($n_2$=138)
3,5.0,Position_4,MIA_KC_htb1_mCitrine_labeled,S,0,197.2743144172496,216.91405644321785,371980.0,580130.0,277.6035271913902,277.6035271913902,580130.0,Mother+bud at cytokinesis,2+ ($n_2$=138)
3,5.0,Position_8,MIA_KC_htb1_mCitrine_labeled,S,0,92.14509295609808,97.74200734985332,353469.0,527723.0,137.97620371087777,137.97620371087777,527723.0,Mother+bud at cytokinesis,2+ ($n_2$=138)
3,6.0,Position_4,MIA_KC_htb1_mCitrine_labeled,G1,0,216.208814042404,226.5034413059201,318811.0,300234.0,226.5034413059201,216.208814042404,318811.0,At G1-entry,2+ ($n_2$=138)
3,6.0,Position_4,MIA_KC_htb1_mCitrine_labeled,S,0,219.2908383007376,218.79407577341303,302835.0,518714.0,289.05236452444507,289.05236452444507,518714.0,Mother+bud at cytokinesis,2+ ($n_2$=138)
3,7.0,Position_4,MIA_KC_htb1_mCitrine_labeled,G1,0,220.8222665429647,228.95878390869072,274271.0,307480.0,228.95878390869072,220.8222665429647,274271.0,At G1-entry,2+ ($n_2$=138)
3,7.0,Position_4,MIA_KC_htb1_mCitrine_labeled,S,0,229.68437550257843,231.43031091111047,330915.0,487189.0,289.2338822571463,289.2338822571463,487189.0,Mother+bud at cytokinesis,2+ ($n_2$=138)
3,8.0,Position_4,MIA_KC_htb1_mCitrine_labeled,G1,0,224.67323353350355,224.67323353350355,259124.0,259124.0,224.67323353350355,224.67323353350355,259124.0,At G1-entry,2+ ($n_2$=138)
3,8.0,Position_4,MIA_KC_htb1_mCitrine_labeled,S,0,230.0775331620852,236.5773867693545,279965.0,594872.0,294.2079272537753,294.2079272537753,594872.0,Mother+bud at cytokinesis,2+ ($n_2$=138)
4,1.0,Position_1,MIA_KC_htb1_mCitrine_flu_control_labeled,G1,1,78.43603289876407,128.21690601197378,1438.9999999999973,1760.9999999999986,128.21690601197378,78.43603289876407,1438.9999999999973,AF control at G1-entry,1st ($n_1$=77)
4,1.0,Position_2,MIA_KC_htb1_mCitrine_labeled,G1,0,80.70532584140422,157.10470953297337,246654.00000000003,258698.0,157.10470953297337,80.70532584140422,246654.00000000003,At G1-entry,1st ($n_1$=77)
4,1.0,Position_3,MIA_KC_htb1_mCitrine_flu_control_labeled,G1,1,51.49860583177095,77.2830705532799,1055.9999999999989,1476.9999999999973,77.2830705532799,51.49860583177095,1055.9999999999989,AF control at G1-entry,1st ($n_1$=77)
4,1.0,Position_3,MIA_KC_htb1_mCitrine_labeled,G1,0,61.10454759051657,104.55700991429715,250621.0,241079.0,104.55700991429715,61.10454759051657,250621.0,At G1-entry,1st ($n_1$=77)
4,1.0,Position_4,MIA_KC_htb1_mCitrine_labeled,G1,0,56.86716095504302,79.90323171809376,313565.0,266895.0,79.90323171809376,56.86716095504302,313565.0,At G1-entry,1st ($n_1$=77)
4,1.0,Position_5,MIA_KC_htb1_mCitrine_labeled,G1,0,64.49645541253473,122.29332658840404,223851.0,244703.0,122.29332658840404,64.49645541253473,223851.0,At G1-entry,1st ($n_1$=77)
4,1.0,Position_1,MIA_KC_htb1_mCitrine_flu_control_labeled,S,1,127.7538784952525,126.2342959931255,1065.0,1961.000000000005,203.7896174153432,203.7896174153432,1961.000000000005,"AF control, m+b at cytokinesis",1st ($n_1$=77)
4,1.0,Position_2,MIA_KC_htb1_mCitrine_labeled,S,0,156.88553513461352,188.36287158673,266437.0,552675.0,321.0327363420133,321.0327363420133,552675.0,Mother+bud at cytokinesis,1st ($n_1$=77)
4,1.0,Position_3,MIA_KC_htb1_mCitrine_flu_control_labeled,S,1,77.5611155122963,80.21228021594487,1269.999999999999,1553.000000000004,113.44614869923454,113.44614869923454,1553.000000000004,"AF control, m+b at cytokinesis",1st ($n_1$=77)
4,1.0,Position_3,MIA_KC_htb1_mCitrine_labeled,S,0,100.85981986023906,87.77800202992833,248046.00000000003,484001.0,136.82764315887687,136.82764315887687,484001.0,Mother+bud at cytokinesis,1st ($n_1$=77)
4,1.0,Position_4,MIA_KC_htb1_mCitrine_labeled,S,0,83.8800615651662,90.87214349759628,278444.0,527178.0,159.90504338829413,159.90504338829413,527178.0,Mother+bud at cytokinesis,1st ($n_1$=77)
4,1.0,Position_5,MIA_KC_htb1_mCitrine_labeled,S,0,117.69920655152735,126.00031259222123,243425.0,476342.0,191.1654771027845,191.1654771027845,476342.0,Mother+bud at cytokinesis,1st ($n_1$=77)
4,2.0,Position_1,MIA_KC_htb1_mCitrine_flu_control_labeled,G1,1,122.17660308232747,133.66365145318187,1301.0,1659.999999999999,133.66365145318187,122.17660308232747,1301.0,AF control at G1-entry,2+ ($n_2$=138)
4,2.0,Position_2,MIA_KC_htb1_mCitrine_labeled,G1,0,193.577283067662,206.1583378845945,296713.0,299402.0,206.1583378845945,193.577283067662,296713.0,At G1-entry,2+ ($n_2$=138)
4,2.0,Position_3,MIA_KC_htb1_mCitrine_flu_control_labeled,G1,1,72.91960331282692,94.0863434874685,900.9999999999992,1451.9999999999984,94.0863434874685,72.91960331282692,900.9999999999992,AF control at G1-entry,2+ ($n_2$=138)
4,2.0,Position_3,MIA_KC_htb1_mCitrine_labeled,G1,0,92.50131993323522,122.48297558882648,267917.0,284887.0,122.48297558882648,92.50131993323522,267917.0,At G1-entry,2+ ($n_2$=138)
4,2.0,Position_4,MIA_KC_htb1_mCitrine_labeled,G1,0,92.09953123153244,103.73532296918012,268837.0,266617.0,103.73532296918012,92.09953123153244,268837.0,At G1-entry,2+ ($n_2$=138)
4,2.0,Position_5,MIA_KC_htb1_mCitrine_labeled,G1,0,133.02285613028965,135.63381761425222,223249.0,312616.0,135.63381761425222,133.02285613028965,223249.0,At G1-entry,2+ ($n_2$=138)
4,2.0,Position_1,MIA_KC_htb1_mCitrine_flu_control_labeled,S,1,125.43620768453302,131.70416873373892,2083.000000000002,2109.9999999999945,192.44494323883063,192.44494323883063,2109.9999999999945,"AF control, m+b at cytokinesis",2+ ($n_2$=138)
4,2.0,Position_2,MIA_KC_htb1_mCitrine_labeled,S,0,195.65256952002804,209.34802645377127,307439.0,711976.0,303.1468400934733,303.1468400934733,711976.0,Mother+bud at cytokinesis,2+ ($n_2$=138)
4,2.0,Position_3,MIA_KC_htb1_mCitrine_flu_control_labeled,S,1,84.69696772617272,78.78787519517671,1367.9999999999973,2693.999999999998,126.76609116494326,126.76609116494326,2693.999999999998,"AF control, m+b at cytokinesis",2+ ($n_2$=138)
4,2.0,Position_3,MIA_KC_htb1_mCitrine_labeled,S,0,115.49237333109429,129.78529790532562,278514.0,483910.0,186.47250871069923,186.47250871069923,483910.0,Mother+bud at cytokinesis,2+ ($n_2$=138)
4,2.0,Position_4,MIA_KC_htb1_mCitrine_labeled,S,0,101.02656284746186,89.66558565687254,274039.0,459900.0,140.33143626078666,140.33143626078666,459900.0,Mother+bud at cytokinesis,2+ ($n_2$=138)
4,2.0,Position_5,MIA_KC_htb1_mCitrine_labeled,S,0,135.856762834085,139.72322582374017,331523.0,468194.0,192.0082123999632,192.0082123999632,468194.0,Mother+bud at cytokinesis,2+ ($n_2$=138)
4,3.0,Position_1,MIA_KC_htb1_mCitrine_flu_control_labeled,G1,1,131.97856146106108,130.05618960764912,2028.999999999998,2928.0000000000045,130.05618960764912,131.97856146106108,2028.999999999998,AF control at G1-entry,2+ ($n_2$=138)
4,3.0,Position_3,MIA_KC_htb1_mCitrine_flu_control_labeled,G1,1,81.02981183474166,88.89003267906786,1402.000000000002,1444.0000000000014,88.89003267906786,81.02981183474166,1402.000000000002,AF control at G1-entry,2+ ($n_2$=138)
4,3.0,Position_3,MIA_KC_htb1_mCitrine_labeled,G1,0,138.59598240894684,135.367327037235,279841.0,507439.0,135.367327037235,138.59598240894684,279841.0,At G1-entry,2+ ($n_2$=138)
4,3.0,Position_4,MIA_KC_htb1_mCitrine_labeled,G1,0,95.49245868624328,109.29381715284327,250705.0,298755.0,109.29381715284327,95.49245868624328,250705.0,At G1-entry,2+ ($n_2$=138)
4,3.0,Position_5,MIA_KC_htb1_mCitrine_labeled,G1,0,142.92613715311936,147.24083509220128,258072.0,296526.0,147.24083509220128,142.92613715311936,258072.0,At G1-entry,2+ ($n_2$=138)
4,3.0,Position_1,MIA_KC_htb1_mCitrine_flu_control_labeled,S,1,129.85917625092858,123.73569877294004,1694.999999999999,3324.000000000002,195.1735863354225,195.1735863354225,3324.000000000002,"AF control, m+b at cytokinesis",2+ ($n_2$=138)
4,3.0,Position_3,MIA_KC_htb1_mCitrine_flu_control_labeled,S,1,88.35390652149349,83.33247676283278,1959.000000000004,2350.9999999999964,123.08805636796237,123.08805636796237,2350.9999999999964,"AF control, m+b at cytokinesis",2+ ($n_2$=138)
4,3.0,Position_3,MIA_KC_htb1_mCitrine_labeled,S,0,130.22363209691463,128.10520506381508,515534.0,536016.0,234.8069860867155,234.8069860867155,536016.0,Mother+bud at cytokinesis,2+ ($n_2$=138)
4,3.0,Position_4,MIA_KC_htb1_mCitrine_labeled,S,0,111.50360439642068,103.71791475640308,310003.0,526556.0,147.65070084751733,147.65070084751733,526556.0,Mother+bud at cytokinesis,2+ ($n_2$=138)
4,3.0,Position_5,MIA_KC_htb1_mCitrine_labeled,S,0,139.57731681672902,158.49905077062007,306594.99999999994,467068.0,223.0092982279704,223.0092982279704,467068.0,Mother+bud at cytokinesis,2+ ($n_2$=138)
4,4.0,Position_1,MIA_KC_htb1_mCitrine_flu_control_labeled,G1,1,128.19825619008108,128.02756855639285,1391.0000000000005,2125.999999999997,128.02756855639285,128.19825619008108,1391.0000000000005,AF control at G1-entry,2+ ($n_2$=138)
4,4.0,Position_3,MIA_KC_htb1_mCitrine_flu_control_labeled,G1,1,87.21829518065265,89.32713006691974,1728.000000000003,1094.9999999999989,89.32713006691974,87.21829518065265,1728.000000000003,AF control at G1-entry,2+ ($n_2$=138)
4,4.0,Position_4,MIA_KC_htb1_mCitrine_labeled,G1,0,113.29143589606171,121.64336956722056,280134.0,288487.99999999994,121.64336956722056,113.29143589606171,280134.0,At G1-entry,2+ ($n_2$=138)
4,4.0,Position_5,MIA_KC_htb1_mCitrine_labeled,G1,0,171.1947678384443,171.09364912793342,233246.00000000003,247369.0,171.09364912793342,171.1947678384443,233246.00000000003,At G1-entry,2+ ($n_2$=138)
4,4.0,Position_1,MIA_KC_htb1_mCitrine_flu_control_labeled,S,1,127.34853769653331,131.68463121009705,2058.999999999999,3539.000000000004,173.27106543166215,173.27106543166215,3539.000000000004,"AF control, m+b at cytokinesis",2+ ($n_2$=138)
4,4.0,Position_3,MIA_KC_htb1_mCitrine_flu_control_labeled,S,1,88.73329429613207,84.52739671094322,1861.9999999999984,2286.000000000001,92.50428553771243,92.50428553771243,2286.000000000001,"AF control, m+b at cytokinesis",2+ ($n_2$=138)
4,4.0,Position_4,MIA_KC_htb1_mCitrine_labeled,S,0,116.89973131785638,145.50021912068814,294704.0,581075.0,202.54509999382736,202.54509999382736,581075.0,Mother+bud at cytokinesis,2+ ($n_2$=138)
4,4.0,Position_5,MIA_KC_htb1_mCitrine_labeled,S,0,156.23798051603447,170.87486647875275,247301.0,540149.0,222.0536842797561,222.0536842797561,540149.0,Mother+bud at cytokinesis,2+ ($n_2$=138)
4,5.0,Position_1,MIA_KC_htb1_mCitrine_flu_control_labeled,G1,1,135.6414153596328,129.3913407365153,1810.9999999999995,2488.999999999997,129.3913407365153,135.6414153596328,1810.9999999999995,AF control at G1-entry,2+ ($n_2$=138)
4,5.0,Position_1,MIA_KC_htb1_mCitrine_flu_control_labeled,S,1,126.67148057626706,124.7717838142982,1684.9999999999995,4068.000000000005,178.83683413087596,178.83683413087596,4068.000000000005,"AF control, m+b at cytokinesis",2+ ($n_2$=138)
5,1.0,Position_2,MIA_KC_htb1_mCitrine_labeled,G1,0,84.1000947112461,125.67971043636116,278135.0,270440.0,125.67971043636116,84.1000947112461,278135.0,At G1-entry,1st ($n_1$=77)
5,1.0,Position_3,MIA_KC_htb1_mCitrine_flu_control_labeled,G1,1,57.21449350809413,90.57149013030406,1132.999999999999,1182.9999999999986,90.57149013030406,57.21449350809413,1132.999999999999,AF control at G1-entry,1st ($n_1$=77)
5,1.0,Position_3,MIA_KC_htb1_mCitrine_labeled,G1,0,62.49795762029843,96.89968861678273,254888.0,241216.0,96.89968861678273,62.49795762029843,254888.0,At G1-entry,1st ($n_1$=77)
5,1.0,Position_5,MIA_KC_htb1_mCitrine_labeled,G1,0,58.08049093153935,77.64657732262444,241621.00000000003,247826.0,77.64657732262444,58.08049093153935,241621.00000000003,At G1-entry,1st ($n_1$=77)
5,1.0,Position_8,MIA_KC_htb1_mCitrine_labeled,G1,0,88.0767651009141,97.161815603954,344641.0,356803.0,97.161815603954,88.0767651009141,344641.0,At G1-entry,1st ($n_1$=77)
5,1.0,Position_2,MIA_KC_htb1_mCitrine_labeled,S,0,122.8353106001793,123.22062834573396,273056.0,507939.0,182.27011042546843,182.27011042546843,507939.0,Mother+bud at cytokinesis,1st ($n_1$=77)
5,1.0,Position_3,MIA_KC_htb1_mCitrine_flu_control_labeled,S,1,87.47904190614977,82.23700529572186,1032.0000000000027,2451.0000000000005,134.8584347323321,134.8584347323321,2451.0000000000005,"AF control, m+b at cytokinesis",1st ($n_1$=77)
5,1.0,Position_3,MIA_KC_htb1_mCitrine_labeled,S,0,95.47558260027166,119.6378975815734,236324.0,512817.00000000006,223.943773783066,223.943773783066,512817.00000000006,Mother+bud at cytokinesis,1st ($n_1$=77)
5,1.0,Position_5,MIA_KC_htb1_mCitrine_labeled,S,0,77.55291872426889,82.92721300799481,242421.0,447918.0,132.58372516149197,132.58372516149197,447918.0,Mother+bud at cytokinesis,1st ($n_1$=77)
5,1.0,Position_8,MIA_KC_htb1_mCitrine_labeled,S,0,101.095743047751,87.44555299931665,364792.0,589629.0,142.80463085878213,142.80463085878213,589629.0,Mother+bud at cytokinesis,1st ($n_1$=77)
5,2.0,Position_2,MIA_KC_htb1_mCitrine_labeled,G1,0,114.50995336424872,128.3273436532971,257987.0,302849.0,128.3273436532971,114.50995336424872,257987.0,At G1-entry,2+ ($n_2$=138)
5,2.0,Position_3,MIA_KC_htb1_mCitrine_flu_control_labeled,G1,1,89.0002940492862,95.5725074190354,1792.9999999999989,1181.0000000000027,95.5725074190354,89.0002940492862,1792.9999999999989,AF control at G1-entry,2+ ($n_2$=138)
5,2.0,Position_3,MIA_KC_htb1_mCitrine_labeled,G1,0,120.64645528011212,130.8016208607602,273415.0,275322.0,130.8016208607602,120.64645528011212,273415.0,At G1-entry,2+ ($n_2$=138)
5,2.0,Position_5,MIA_KC_htb1_mCitrine_labeled,G1,0,88.08677245041055,83.61509706167,211200.0,239391.0,83.61509706167,88.08677245041055,211200.0,At G1-entry,2+ ($n_2$=138)
5,2.0,Position_8,MIA_KC_htb1_mCitrine_labeled,G1,0,81.92580807389614,95.13715324031573,284012.0,307509.0,95.13715324031573,81.92580807389614,284012.0,At G1-entry,2+ ($n_2$=138)
5,2.0,Position_2,MIA_KC_htb1_mCitrine_labeled,S,0,130.71323409449232,140.5576381228982,296506.0,572034.0,228.40386373376248,228.40386373376248,572034.0,Mother+bud at cytokinesis,2+ ($n_2$=138)
5,2.0,Position_3,MIA_KC_htb1_mCitrine_flu_control_labeled,S,1,99.97510038610513,99.52773897490574,1570.9999999999968,2102.9999999999964,152.97358264355728,152.97358264355728,2102.9999999999964,"AF control, m+b at cytokinesis",2+ ($n_2$=138)
5,2.0,Position_3,MIA_KC_htb1_mCitrine_labeled,S,0,130.58102514645444,127.09689161995996,275783.0,513024.0,206.46282933064973,206.46282933064973,513024.0,Mother+bud at cytokinesis,2+ ($n_2$=138)
5,2.0,Position_5,MIA_KC_htb1_mCitrine_labeled,S,0,82.53018212599316,76.277599620396,254256.0,492801.0,127.99271450530222,127.99271450530222,492801.0,Mother+bud at cytokinesis,2+ ($n_2$=138)
5,2.0,Position_8,MIA_KC_htb1_mCitrine_labeled,S,0,98.65672438059524,100.61351413414351,303335.0,640044.0,151.48727028636924,151.48727028636924,640044.0,Mother+bud at cytokinesis,2+ ($n_2$=138)
5,3.0,Position_3,MIA_KC_htb1_mCitrine_flu_control_labeled,G1,1,106.04493242379738,105.21471389785724,1080.999999999999,1468.999999999999,105.21471389785724,106.04493242379738,1080.999999999999,AF control at G1-entry,2+ ($n_2$=138)
5,3.0,Position_5,MIA_KC_htb1_mCitrine_labeled,G1,0,75.93319788736608,88.89529658598263,269855.0,262337.0,88.89529658598263,75.93319788736608,269855.0,At G1-entry,2+ ($n_2$=138)
5,3.0,Position_8,MIA_KC_htb1_mCitrine_labeled,G1,0,96.97281364484466,111.8780859452618,350750.0,476941.0,111.8780859452618,96.97281364484466,350750.0,At G1-entry,2+ ($n_2$=138)
5,3.0,Position_3,MIA_KC_htb1_mCitrine_flu_control_labeled,S,1,100.71783452875408,97.1352579733811,2098.0000000000014,2714.999999999998,170.29877880684256,170.29877880684256,2714.999999999998,"AF control, m+b at cytokinesis",2+ ($n_2$=138)
5,3.0,Position_5,MIA_KC_htb1_mCitrine_labeled,S,0,90.1835955581164,95.77329170358466,273874.0,445955.0,144.33395080267582,144.33395080267582,445955.0,Mother+bud at cytokinesis,2+ ($n_2$=138)
5,3.0,Position_8,MIA_KC_htb1_mCitrine_labeled,S,0,111.77188070017752,104.64805534812308,493648.0,586218.0,154.62169524510793,154.62169524510793,586218.0,Mother+bud at cytokinesis,2+ ($n_2$=138)
5,4.0,Position_5,MIA_KC_htb1_mCitrine_labeled,G1,0,94.26051448097554,97.23417209085812,256708.0,255479.0,97.23417209085812,94.26051448097554,256708.0,At G1-entry,2+ ($n_2$=138)
5,4.0,Position_8,MIA_KC_htb1_mCitrine_labeled,G1,0,112.27765446006734,104.6338136444781,308757.0,341138.0,104.6338136444781,112.27765446006734,308757.0,At G1-entry,2+ ($n_2$=138)
5,4.0,Position_5,MIA_KC_htb1_mCitrine_labeled,S,0,92.98187364224542,103.8334727661819,262317.0,477859.0,146.50352612303072,146.50352612303072,477859.0,Mother+bud at cytokinesis,2+ ($n_2$=138)
5,4.0,Position_8,MIA_KC_htb1_mCitrine_labeled,S,0,108.93652096036524,111.5492580600211,362806.0,529568.0,150.74879311195912,150.74879311195912,529568.0,Mother+bud at cytokinesis,2+ ($n_2$=138)
6,1.0,Position_3,MIA_KC_htb1_mCitrine_flu_control_labeled,G1,1,50.41164380485818,75.10139226391031,487.0000000000021,1435.0000000000018,75.10139226391031,50.41164380485818,487.0000000000021,AF control at G1-entry,1st ($n_1$=77)
6,1.0,Position_4,MIA_KC_htb1_mCitrine_labeled,G1,0,54.66886067095747,92.59644654915924,269567.0,299908.0,92.59644654915924,54.66886067095747,269567.0,At G1-entry,1st ($n_1$=77)
6,1.0,Position_5,MIA_KC_htb1_mCitrine_labeled,G1,0,120.8252398341618,135.3486458813072,274896.0,255654.0,135.3486458813072,120.8252398341618,274896.0,At G1-entry,1st ($n_1$=77)
6,1.0,Position_8,MIA_KC_htb1_mCitrine_labeled,G1,0,41.0139946973128,92.62772085945628,316148.0,301069.0,92.62772085945628,41.0139946973128,316148.0,At G1-entry,1st ($n_1$=77)
6,1.0,Position_3,MIA_KC_htb1_mCitrine_flu_control_labeled,S,1,65.2318362823259,70.07764244297967,1255.0000000000011,1815.9999999999995,115.10216966257076,115.10216966257076,1815.9999999999995,"AF control, m+b at cytokinesis",1st ($n_1$=77)
6,1.0,Position_4,MIA_KC_htb1_mCitrine_labeled,S,0,91.32824127723497,119.23328531712176,313458.0,557846.0,186.69575528759577,186.69575528759577,557846.0,Mother+bud at cytokinesis,1st ($n_1$=77)
6,1.0,Position_5,MIA_KC_htb1_mCitrine_labeled,S,0,138.74620095943754,119.60487428064592,269099.0,512606.0,175.31612430704155,175.31612430704155,512606.0,Mother+bud at cytokinesis,1st ($n_1$=77)
6,1.0,Position_8,MIA_KC_htb1_mCitrine_labeled,S,0,95.558578480204,269.71396855126017,306580.0,687895.0,389.85227271220793,389.85227271220793,687895.0,Mother+bud at cytokinesis,1st ($n_1$=77)
6,2.0,Position_3,MIA_KC_htb1_mCitrine_flu_control_labeled,G1,1,71.10635201855622,77.56978118723111,1392.999999999997,1605.9999999999984,77.56978118723111,71.10635201855622,1392.999999999997,AF control at G1-entry,2+ ($n_2$=138)
6,2.0,Position_4,MIA_KC_htb1_mCitrine_labeled,G1,0,120.37852134743032,134.4000877700654,284882.0,319674.99999999994,134.4000877700654,120.37852134743032,284882.0,At G1-entry,2+ ($n_2$=138)
6,2.0,Position_5,MIA_KC_htb1_mCitrine_labeled,G1,0,121.9037036057406,132.79526241072324,275798.0,352400.99999999994,132.79526241072324,121.9037036057406,275798.0,At G1-entry,2+ ($n_2$=138)
6,2.0,Position_3,MIA_KC_htb1_mCitrine_flu_control_labeled,S,1,76.00313533202602,86.00184253491281,1580.000000000001,1830.9999999999984,115.80927888940464,115.80927888940464,1830.9999999999984,"AF control, m+b at cytokinesis",2+ ($n_2$=138)
6,2.0,Position_4,MIA_KC_htb1_mCitrine_labeled,S,0,138.24724153217196,130.08392384034627,337285.0,440312.0,169.0324087031751,169.0324087031751,440312.0,Mother+bud at cytokinesis,2+ ($n_2$=138)
6,2.0,Position_5,MIA_KC_htb1_mCitrine_labeled,S,0,135.16447373970533,138.70678336693126,380356.0,521380.0,196.2307347458189,196.2307347458189,521380.0,Mother+bud at cytokinesis,2+ ($n_2$=138)
6,3.0,Position_4,MIA_KC_htb1_mCitrine_labeled,G1,0,132.01087602194562,128.6104711315629,247248.0,287369.0,128.6104711315629,132.01087602194562,247248.0,At G1-entry,2+ ($n_2$=138)
6,3.0,Position_5,MIA_KC_htb1_mCitrine_labeled,G1,0,132.21585091190695,136.1088964381054,283956.0,319649.00000000006,136.1088964381054,132.21585091190695,283956.0,At G1-entry,2+ ($n_2$=138)
6,3.0,Position_4,MIA_KC_htb1_mCitrine_labeled,S,0,125.8325601842427,118.33286416916089,295942.0,461317.0,169.3490911727837,169.3490911727837,461317.0,Mother+bud at cytokinesis,2+ ($n_2$=138)
6,3.0,Position_5,MIA_KC_htb1_mCitrine_labeled,S,0,131.43279941502752,137.50162013221615,327774.00000000006,663412.0,192.54098063560625,192.54098063560625,663412.0,Mother+bud at cytokinesis,2+ ($n_2$=138)
6,4.0,Position_4,MIA_KC_htb1_mCitrine_labeled,G1,0,118.03631004824756,125.38091603280164,269819.0,307258.00000000006,125.38091603280164,118.03631004824756,269819.0,At G1-entry,2+ ($n_2$=138)
6,4.0,Position_5,MIA_KC_htb1_mCitrine_labeled,G1,0,135.76639867285212,136.89750375978485,383605.0,389604.0,136.89750375978485,135.76639867285212,383605.0,At G1-entry,2+ ($n_2$=138)
6,4.0,Position_4,MIA_KC_htb1_mCitrine_labeled,S,0,124.16228304079964,129.26513554452717,322921.00000000006,465232.0,178.04627569278233,178.04627569278233,465232.0,Mother+bud at cytokinesis,2+ ($n_2$=138)
6,4.0,Position_5,MIA_KC_htb1_mCitrine_labeled,S,0,138.5203700508264,119.13038388815082,389384.0,591736.0,157.75379340665071,157.75379340665071,591736.0,Mother+bud at cytokinesis,2+ ($n_2$=138)
7,1.0,Position_1,MIA_KC_htb1_mCitrine_flu_control_labeled,G1,1,51.77678362636353,93.37280083530652,1315.0000000000011,2306.000000000003,93.37280083530652,51.77678362636353,1315.0000000000011,AF control at G1-entry,1st ($n_1$=77)
7,1.0,Position_3,MIA_KC_htb1_mCitrine_flu_control_labeled,G1,1,53.11157453206084,111.21341426151297,784.9999999999997,2099.000000000004,111.21341426151297,53.11157453206084,784.9999999999997,AF control at G1-entry,1st ($n_1$=77)
7,1.0,Position_5,MIA_KC_htb1_mCitrine_labeled,G1,0,85.40434246577442,99.43893746211234,247777.0,233648.0,99.43893746211234,85.40434246577442,247777.0,At G1-entry,1st ($n_1$=77)
7,1.0,Position_1,MIA_KC_htb1_mCitrine_flu_control_labeled,S,1,90.20982339365916,90.8230575388181,1412.9999999999968,1140.0000000000016,153.95845112704097,153.95845112704097,1140.0000000000016,"AF control, m+b at cytokinesis",1st ($n_1$=77)
7,1.0,Position_3,MIA_KC_htb1_mCitrine_flu_control_labeled,S,1,97.811106528582,100.4747641000105,2707.0000000000027,3786.0,148.92475133976663,148.92475133976663,3786.0,"AF control, m+b at cytokinesis",1st ($n_1$=77)
7,1.0,Position_5,MIA_KC_htb1_mCitrine_labeled,S,0,96.0294978175528,98.5589667356231,237689.0,452553.0,151.61023670872788,151.61023670872788,452553.0,Mother+bud at cytokinesis,1st ($n_1$=77)
7,2.0,Position_1,MIA_KC_htb1_mCitrine_flu_control_labeled,G1,1,90.74621594021536,94.66275583862962,1633.9999999999973,1365.999999999996,94.66275583862962,90.74621594021536,1633.9999999999973,AF control at G1-entry,2+ ($n_2$=138)
7,2.0,Position_3,MIA_KC_htb1_mCitrine_flu_control_labeled,G1,1,107.12815933498406,109.10418554359238,2466.999999999998,2624.999999999998,109.10418554359238,107.12815933498406,2466.999999999998,AF control at G1-entry,2+ ($n_2$=138)
7,2.0,Position_5,MIA_KC_htb1_mCitrine_labeled,G1,0,100.005352261957,114.81328933560908,237476.0,279047.0,114.81328933560908,100.005352261957,237476.0,At G1-entry,2+ ($n_2$=138)
7,2.0,Position_1,MIA_KC_htb1_mCitrine_flu_control_labeled,S,1,89.82181559933936,90.77817498292278,1415.9999999999986,2535.0,126.90212231436088,126.90212231436088,2535.0,"AF control, m+b at cytokinesis",2+ ($n_2$=138)
7,2.0,Position_3,MIA_KC_htb1_mCitrine_flu_control_labeled,S,1,108.05111276014776,117.72485726624004,1769.000000000001,1884.000000000003,167.82174595045947,167.82174595045947,1884.000000000003,"AF control, m+b at cytokinesis",2+ ($n_2$=138)
7,2.0,Position_5,MIA_KC_htb1_mCitrine_labeled,S,0,115.43625730320944,100.10488221016077,301867.0,484013.0,159.22102769666387,159.22102769666387,484013.0,Mother+bud at cytokinesis,2+ ($n_2$=138)
7,3.0,Position_1,MIA_KC_htb1_mCitrine_flu_control_labeled,G1,1,93.64498690982523,105.24608544347336,2179.999999999999,1769.000000000001,105.24608544347336,93.64498690982523,2179.999999999999,AF control at G1-entry,2+ ($n_2$=138)
7,3.0,Position_3,MIA_KC_htb1_mCitrine_flu_control_labeled,G1,1,113.18506320535076,116.79446554984622,2756.000000000004,2729.999999999999,116.79446554984622,113.18506320535076,2756.000000000004,AF control at G1-entry,2+ ($n_2$=138)
7,3.0,Position_5,MIA_KC_htb1_mCitrine_labeled,G1,0,107.18174773331604,114.0521908961516,279437.00000000006,280312.00000000006,114.0521908961516,107.18174773331604,279437.00000000006,At G1-entry,2+ ($n_2$=138)
7,3.0,Position_1,MIA_KC_htb1_mCitrine_flu_control_labeled,S,1,108.85725016580857,99.8702950774502,1009.0000000000016,3311.0000000000023,140.3058326803848,140.3058326803848,3311.0000000000023,"AF control, m+b at cytokinesis",2+ ($n_2$=138)
7,3.0,Position_3,MIA_KC_htb1_mCitrine_flu_control_labeled,S,1,119.6686602557488,113.58468916107029,2957.999999999997,3529.000000000001,153.4042111159343,153.4042111159343,3529.000000000001,"AF control, m+b at cytokinesis",2+ ($n_2$=138)
7,3.0,Position_5,MIA_KC_htb1_mCitrine_labeled,S,0,112.84951407415132,93.5273064526908,292312.0,527983.0,135.6528080826773,135.6528080826773,527983.0,Mother+bud at cytokinesis,2+ ($n_2$=138)
8,1.0,Position_1,MIA_KC_htb1_mCitrine_flu_control_labeled,G1,1,70.6314564359507,105.54089944930573,1242.9999999999989,2087.9999999999977,105.54089944930573,70.6314564359507,1242.9999999999989,AF control at G1-entry,1st ($n_1$=77)
8,1.0,Position_2,MIA_KC_htb1_mCitrine_labeled,G1,0,133.61147074415106,153.40017352810383,266916.0,256575.00000000003,153.40017352810383,133.61147074415106,266916.0,At G1-entry,1st ($n_1$=77)
8,1.0,Position_3,MIA_KC_htb1_mCitrine_labeled,G1,0,49.90969439946108,75.41775669451158,237053.0,235659.0,75.41775669451158,49.90969439946108,237053.0,At G1-entry,1st ($n_1$=77)
8,1.0,Position_1,MIA_KC_htb1_mCitrine_flu_control_labeled,S,1,109.24926966812264,105.1569517782092,1505.000000000001,1883.000000000003,173.9587979724084,173.9587979724084,1883.000000000003,"AF control, m+b at cytokinesis",1st ($n_1$=77)
8,1.0,Position_2,MIA_KC_htb1_mCitrine_labeled,S,0,134.89953676844632,138.1436763783536,255005.0,586966.0,241.1130113721115,241.1130113721115,586966.0,Mother+bud at cytokinesis,1st ($n_1$=77)
8,1.0,Position_3,MIA_KC_htb1_mCitrine_labeled,S,0,79.12968745551188,86.45632695729172,240511.0,508835.0,202.06752903098635,202.06752903098635,508835.0,Mother+bud at cytokinesis,1st ($n_1$=77)
8,2.0,Position_1,MIA_KC_htb1_mCitrine_flu_control_labeled,G1,1,106.29835142598314,117.57984303168617,1457.9999999999995,1656.000000000004,117.57984303168617,106.29835142598314,1457.9999999999995,AF control at G1-entry,2+ ($n_2$=138)
8,2.0,Position_1,MIA_KC_htb1_mCitrine_flu_control_labeled,S,1,115.41566217581756,122.05628786032356,1350.999999999996,1607.0000000000027,158.9140894361229,158.9140894361229,1607.0000000000027,"AF control, m+b at cytokinesis",2+ ($n_2$=138)
8,3.0,Position_1,MIA_KC_htb1_mCitrine_flu_control_labeled,G1,1,125.22429409010796,122.68791698938712,1247.9999999999957,1897.9999999999984,122.68791698938712,125.22429409010796,1247.9999999999957,AF control at G1-entry,2+ ($n_2$=138)
8,3.0,Position_1,MIA_KC_htb1_mCitrine_flu_control_labeled,S,1,126.03773778012535,108.27070357972882,2425.9999999999977,2113.0,172.21923704878532,172.21923704878532,2113.0,"AF control, m+b at cytokinesis",2+ ($n_2$=138)
9,1.0,Position_1,MIA_KC_htb1_mCitrine_flu_control_labeled,G1,1,67.21880085107307,87.24391068001609,1184.9999999999989,1716.0,87.24391068001609,67.21880085107307,1184.9999999999989,AF control at G1-entry,1st ($n_1$=77)
9,1.0,Position_2,MIA_KC_htb1_mCitrine_labeled,G1,0,49.99429929790141,83.60673832934157,216452.0,250023.00000000003,83.60673832934157,49.99429929790141,216452.0,At G1-entry,1st ($n_1$=77)
9,1.0,Position_3,MIA_KC_htb1_mCitrine_labeled,G1,0,108.75873851452124,112.19009757263032,242783.0,263755.0,112.19009757263032,108.75873851452124,242783.0,At G1-entry,1st ($n_1$=77)
9,1.0,Position_5,MIA_KC_htb1_mCitrine_labeled,G1,0,50.158449883068776,61.860252546924045,245760.0,215567.0,61.860252546924045,50.158449883068776,245760.0,At G1-entry,1st ($n_1$=77)
9,1.0,Position_8,MIA_KC_htb1_mCitrine_labeled,G1,0,51.5473223502834,85.81345408748302,304275.0,317160.0,85.81345408748302,51.5473223502834,304275.0,At G1-entry,1st ($n_1$=77)
9,1.0,Position_1,MIA_KC_htb1_mCitrine_flu_control_labeled,S,1,92.64520263589212,97.58326435502914,1810.0,1772.0000000000032,138.46019992862907,138.46019992862907,1772.0000000000032,"AF control, m+b at cytokinesis",1st ($n_1$=77)
9,1.0,Position_2,MIA_KC_htb1_mCitrine_labeled,S,0,75.69315009565668,99.48888025303728,244122.0,509460.0,192.9911056412488,192.9911056412488,509460.0,Mother+bud at cytokinesis,1st ($n_1$=77)
9,1.0,Position_3,MIA_KC_htb1_mCitrine_labeled,S,0,110.3388716823072,116.36529789210256,264745.0,457722.0,203.6393820242948,203.6393820242948,457722.0,Mother+bud at cytokinesis,1st ($n_1$=77)
9,1.0,Position_5,MIA_KC_htb1_mCitrine_labeled,S,0,61.32161540653564,91.85727200516789,213315.0,425067.0,154.87241909912896,154.87241909912896,425067.0,Mother+bud at cytokinesis,1st ($n_1$=77)
9,1.0,Position_8,MIA_KC_htb1_mCitrine_labeled,S,0,89.10268108904569,79.46451680070797,318431.0,630863.0,159.232499426968,159.232499426968,630863.0,Mother+bud at cytokinesis,1st ($n_1$=77)
9,2.0,Position_1,MIA_KC_htb1_mCitrine_flu_control_labeled,G1,1,98.73838003709756,109.18616635033618,1085.9999999999964,1734.0000000000027,109.18616635033618,98.73838003709756,1085.9999999999964,AF control at G1-entry,2+ ($n_2$=138)
9,2.0,Position_5,MIA_KC_htb1_mCitrine_labeled,G1,0,87.07120230194323,90.60013574925334,217320.0,224300.0,90.60013574925334,87.07120230194323,217320.0,At G1-entry,2+ ($n_2$=138)
9,2.0,Position_8,MIA_KC_htb1_mCitrine_labeled,G1,0,79.74588850420514,86.64228556291947,319260.0,408556.0,86.64228556291947,79.74588850420514,319260.0,At G1-entry,2+ ($n_2$=138)
9,2.0,Position_1,MIA_KC_htb1_mCitrine_flu_control_labeled,S,1,107.40684671949074,96.58111474502054,1169.0,2280.000000000003,156.66734902753333,156.66734902753333,2280.000000000003,"AF control, m+b at cytokinesis",2+ ($n_2$=138)
9,2.0,Position_5,MIA_KC_htb1_mCitrine_labeled,S,0,97.57090926212526,92.23611862580567,226978.0,491134.0,146.34135710341823,146.34135710341823,491134.0,Mother+bud at cytokinesis,2+ ($n_2$=138)
9,2.0,Position_8,MIA_KC_htb1_mCitrine_labeled,S,0,87.75682092181748,86.29365032037315,429839.0,578260.0,142.31365209424845,142.31365209424845,578260.0,Mother+bud at cytokinesis,2+ ($n_2$=138)
9,3.0,Position_8,MIA_KC_htb1_mCitrine_labeled,G1,0,84.07011093672237,88.64685902623958,300826.0,349189.0,88.64685902623958,84.07011093672237,300826.0,At G1-entry,2+ ($n_2$=138)
9,3.0,Position_8,MIA_KC_htb1_mCitrine_labeled,S,0,88.37454012714836,99.52319066067808,372733.0,587298.0,129.10279166904996,129.10279166904996,587298.0,Mother+bud at cytokinesis,2+ ($n_2$=138)
10,1.0,Position_2,MIA_KC_htb1_mCitrine_labeled,G1,0,129.80060333866322,153.04513115793029,253132.0,282922.0,153.04513115793029,129.80060333866322,253132.0,At G1-entry,1st ($n_1$=77)
10,1.0,Position_4,MIA_KC_htb1_mCitrine_labeled,G1,0,100.35786076801573,119.19844368796572,251487.0,240273.0,119.19844368796572,100.35786076801573,251487.0,At G1-entry,1st ($n_1$=77)
10,1.0,Position_8,MIA_KC_htb1_mCitrine_labeled,G1,0,35.85797287112062,84.97318890349646,292924.0,257234.0,84.97318890349646,35.85797287112062,292924.0,At G1-entry,1st ($n_1$=77)
10,1.0,Position_2,MIA_KC_htb1_mCitrine_labeled,S,0,153.43051983374795,152.89648862838675,292687.0,538602.0,219.28296951476125,219.28296951476125,538602.0,Mother+bud at cytokinesis,1st ($n_1$=77)
10,1.0,Position_4,MIA_KC_htb1_mCitrine_labeled,S,0,115.43151305502369,113.85726258264636,240522.0,480316.0,202.0264277802085,202.0264277802085,480316.0,Mother+bud at cytokinesis,1st ($n_1$=77)
10,1.0,Position_8,MIA_KC_htb1_mCitrine_labeled,S,0,76.84928372777497,196.34407630586625,267419.0,712754.0,321.26913717634267,321.26913717634267,712754.0,Mother+bud at cytokinesis,1st ($n_1$=77)
10,2.0,Position_4,MIA_KC_htb1_mCitrine_labeled,G1,0,116.28405491075154,121.44077827470244,245276.0,242936.0,121.44077827470244,116.28405491075154,245276.0,At G1-entry,2+ ($n_2$=138)
10,2.0,Position_4,MIA_KC_htb1_mCitrine_labeled,S,0,120.8117720518661,108.63397543774016,250222.00000000003,529953.0,170.48176437842827,170.48176437842827,529953.0,Mother+bud at cytokinesis,2+ ($n_2$=138)
11,1.0,Position_1,MIA_KC_htb1_mCitrine_flu_control_labeled,G1,1,67.58388913460185,98.353806775131,1184.9999999999975,1514.9999999999975,98.353806775131,67.58388913460185,1184.9999999999975,AF control at G1-entry,1st ($n_1$=77)
11,1.0,Position_3,MIA_KC_htb1_mCitrine_flu_control_labeled,G1,1,50.70272077479558,75.08084986140372,603.0000000000015,1330.000000000001,75.08084986140372,50.70272077479558,603.0000000000015,AF control at G1-entry,1st ($n_1$=77)
11,1.0,Position_1,MIA_KC_htb1_mCitrine_flu_control_labeled,S,1,96.50498434624372,94.38364448130058,1953.9999999999995,3139.0000000000027,162.87578439136496,162.87578439136496,3139.0000000000027,"AF control, m+b at cytokinesis",1st ($n_1$=77)
11,1.0,Position_3,MIA_KC_htb1_mCitrine_flu_control_labeled,S,1,74.17228306709572,69.34668042730584,1458.999999999999,2246.999999999998,106.731538583126,106.731538583126,2246.999999999998,"AF control, m+b at cytokinesis",1st ($n_1$=77)
11,2.0,Position_1,MIA_KC_htb1_mCitrine_flu_control_labeled,G1,1,91.92828241515896,101.20559242254642,1532.0000000000036,1711.0000000000036,101.20559242254642,91.92828241515896,1532.0000000000036,AF control at G1-entry,2+ ($n_2$=138)
11,2.0,Position_3,MIA_KC_htb1_mCitrine_flu_control_labeled,G1,1,71.68519973796411,76.13724433032371,1458.0000000000025,1197.999999999999,76.13724433032371,71.68519973796411,1458.0000000000025,AF control at G1-entry,2+ ($n_2$=138)
11,2.0,Position_1,MIA_KC_htb1_mCitrine_flu_control_labeled,S,1,99.74330439362224,103.2190383720346,2084.999999999999,2997.000000000004,157.26644784967343,157.26644784967343,2997.000000000004,"AF control, m+b at cytokinesis",2+ ($n_2$=138)
11,2.0,Position_3,MIA_KC_htb1_mCitrine_flu_control_labeled,S,1,78.28155115430283,89.1710755475892,1844.0000000000032,1328.0000000000011,98.55334112015046,98.55334112015046,1328.0000000000011,"AF control, m+b at cytokinesis",2+ ($n_2$=138)
12,1.0,Position_1,MIA_KC_htb1_mCitrine_flu_control_labeled,G1,1,45.28818570982413,75.68916302925665,1155.9999999999989,1757.9999999999982,75.68916302925665,45.28818570982413,1155.9999999999989,AF control at G1-entry,1st ($n_1$=77)
12,1.0,Position_3,MIA_KC_htb1_mCitrine_flu_control_labeled,G1,1,49.85461471519233,69.94667098228712,293.99999999999835,820.0000000000014,69.94667098228712,49.85461471519233,293.99999999999835,AF control at G1-entry,1st ($n_1$=77)
12,1.0,Position_4,MIA_KC_htb1_mCitrine_labeled,G1,0,69.72355961910765,94.61127919679492,274091.0,275239.0,94.61127919679492,69.72355961910765,274091.0,At G1-entry,1st ($n_1$=77)
12,1.0,Position_8,MIA_KC_htb1_mCitrine_labeled,G1,0,50.703605766849584,55.60094863290652,317521.0,312128.0,55.60094863290652,50.703605766849584,317521.0,At G1-entry,1st ($n_1$=77)
12,1.0,Position_1,MIA_KC_htb1_mCitrine_flu_control_labeled,S,1,75.84041138149973,80.08771080758295,1225.9999999999986,2537.9999999999955,111.69216443715518,111.69216443715518,2537.9999999999955,"AF control, m+b at cytokinesis",1st ($n_1$=77)
12,1.0,Position_3,MIA_KC_htb1_mCitrine_flu_control_labeled,S,1,69.21240932726266,69.09812441855922,1095.0000000000016,1686.0000000000025,109.6430286686768,109.6430286686768,1686.0000000000025,"AF control, m+b at cytokinesis",1st ($n_1$=77)
12,1.0,Position_4,MIA_KC_htb1_mCitrine_labeled,S,0,95.21591549329877,109.87814139182758,297115.0,525231.0,162.1185428091124,162.1185428091124,525231.0,Mother+bud at cytokinesis,1st ($n_1$=77)
12,1.0,Position_8,MIA_KC_htb1_mCitrine_labeled,S,0,59.17801510248334,72.43241083754862,326130.0,504769.0,100.23043380366244,100.23043380366244,504769.0,Mother+bud at cytokinesis,1st ($n_1$=77)
12,2.0,Position_1,MIA_KC_htb1_mCitrine_flu_control_labeled,G1,1,80.34858737235106,82.48996728658425,1725.0000000000005,1632.0000000000005,82.48996728658425,80.34858737235106,1725.0000000000005,AF control at G1-entry,2+ ($n_2$=138)
12,2.0,Position_4,MIA_KC_htb1_mCitrine_labeled,G1,0,116.0245185253446,118.63785804687156,257635.0,279273.0,118.63785804687156,116.0245185253446,257635.0,At G1-entry,2+ ($n_2$=138)
12,2.0,Position_8,MIA_KC_htb1_mCitrine_labeled,G1,0,69.23961086469852,60.15703599531052,285331.0,363408.0,60.15703599531052,69.23961086469852,285331.0,At G1-entry,2+ ($n_2$=138)
12,2.0,Position_1,MIA_KC_htb1_mCitrine_flu_control_labeled,S,1,85.2959056651732,90.88378407956544,1661.9999999999966,2308.999999999996,128.0957014817349,128.0957014817349,2308.999999999996,"AF control, m+b at cytokinesis",2+ ($n_2$=138)
12,2.0,Position_4,MIA_KC_htb1_mCitrine_labeled,S,0,121.77720431740252,124.53811648390057,280334.0,512597.0,179.78385183151974,179.78385183151974,512597.0,Mother+bud at cytokinesis,2+ ($n_2$=138)
12,2.0,Position_8,MIA_KC_htb1_mCitrine_labeled,S,0,69.07205829271356,82.91839480433242,385581.0,511325.0,124.31447750081288,124.31447750081288,511325.0,Mother+bud at cytokinesis,2+ ($n_2$=138)
13,1.0,Position_1,MIA_KC_htb1_mCitrine_flu_control_labeled,G1,1,64.62880984557673,84.88246015474321,650.9999999999984,1254.0000000000018,84.88246015474321,64.62880984557673,650.9999999999984,AF control at G1-entry,1st ($n_1$=77)
13,1.0,Position_3,MIA_KC_htb1_mCitrine_flu_control_labeled,G1,1,51.09696630770693,118.4505154037823,624.9999999999998,1544.000000000001,118.4505154037823,51.09696630770693,624.9999999999998,AF control at G1-entry,1st ($n_1$=77)
13,1.0,Position_8,MIA_KC_htb1_mCitrine_labeled,G1,0,25.193198803334464,58.88900319487242,287607.0,324220.0,58.88900319487242,25.193198803334464,287607.0,At G1-entry,1st ($n_1$=77)
13,1.0,Position_1,MIA_KC_htb1_mCitrine_flu_control_labeled,S,1,85.92538712281304,80.84652350083381,1568.9999999999975,2100.999999999999,122.75116585936269,122.75116585936269,2100.999999999999,"AF control, m+b at cytokinesis",1st ($n_1$=77)
13,1.0,Position_3,MIA_KC_htb1_mCitrine_flu_control_labeled,S,1,117.62834874879356,115.61933172395248,1618.0000000000016,2724.9999999999964,181.2025871211507,181.2025871211507,2724.9999999999964,"AF control, m+b at cytokinesis",1st ($n_1$=77)
13,1.0,Position_8,MIA_KC_htb1_mCitrine_labeled,S,0,55.19691021285992,64.9721498956282,323972.0,536256.0,99.6418595561922,99.6418595561922,536256.0,Mother+bud at cytokinesis,1st ($n_1$=77)
13,2.0,Position_1,MIA_KC_htb1_mCitrine_flu_control_labeled,G1,1,87.54604108477223,92.87785268745422,1323.999999999999,1783.9999999999998,92.87785268745422,87.54604108477223,1323.999999999999,AF control at G1-entry,2+ ($n_2$=138)
13,2.0,Position_8,MIA_KC_htb1_mCitrine_labeled,G1,0,73.92433964421912,65.67871014674922,277955.0,315683.0,65.67871014674922,73.92433964421912,277955.0,At G1-entry,2+ ($n_2$=138)
13,2.0,Position_1,MIA_KC_htb1_mCitrine_flu_control_labeled,S,1,92.49047177250172,83.71976951530436,1620.0,2761.000000000002,131.87668236861552,131.87668236861552,2761.000000000002,"AF control, m+b at cytokinesis",2+ ($n_2$=138)
13,2.0,Position_8,MIA_KC_htb1_mCitrine_labeled,S,0,66.44286197772686,70.9459214817516,330689.0,577999.0,116.69804834394532,116.69804834394532,577999.0,Mother+bud at cytokinesis,2+ ($n_2$=138)
14,1.0,Position_1,MIA_KC_htb1_mCitrine_flu_control_labeled,G1,1,52.45095937372188,91.72898898544796,564.9999999999983,982.0000000000028,91.72898898544796,52.45095937372188,564.9999999999983,AF control at G1-entry,1st ($n_1$=77)
14,1.0,Position_3,MIA_KC_htb1_mCitrine_flu_control_labeled,G1,1,41.20041667573988,75.88310972485398,659.0000000000001,855.999999999998,75.88310972485398,41.20041667573988,659.0000000000001,AF control at G1-entry,1st ($n_1$=77)
14,1.0,Position_3,MIA_KC_htb1_mCitrine_labeled,G1,0,61.02440089106749,88.11386806060634,233031.0,259421.0,88.11386806060634,61.02440089106749,233031.0,At G1-entry,1st ($n_1$=77)
14,1.0,Position_5,MIA_KC_htb1_mCitrine_labeled,G1,0,100.26755141589176,100.19695116591484,214199.0,193359.0,100.19695116591484,100.26755141589176,214199.0,At G1-entry,1st ($n_1$=77)
14,1.0,Position_8,MIA_KC_htb1_mCitrine_labeled,G1,0,48.78108265720218,72.20896968283508,290422.0,302053.0,72.20896968283508,48.78108265720218,290422.0,At G1-entry,1st ($n_1$=77)
14,1.0,Position_1,MIA_KC_htb1_mCitrine_flu_control_labeled,S,1,82.41028994436219,83.21548401916691,1151.9999999999998,1309.0000000000018,142.89855072811633,142.89855072811633,1309.0000000000018,"AF control, m+b at cytokinesis",1st ($n_1$=77)
14,1.0,Position_3,MIA_KC_htb1_mCitrine_flu_control_labeled,S,1,66.87093520250727,72.53242523660161,1313.0000000000018,1653.9999999999982,115.14034425765004,115.14034425765004,1653.9999999999982,"AF control, m+b at cytokinesis",1st ($n_1$=77)
14,1.0,Position_3,MIA_KC_htb1_mCitrine_labeled,S,0,90.45537275175552,102.29729383379625,292207.0,457124.0,161.29835364268678,161.29835364268678,457124.0,Mother+bud at cytokinesis,1st ($n_1$=77)
14,1.0,Position_5,MIA_KC_htb1_mCitrine_labeled,S,0,102.66946460066224,112.27687327958024,192819.0,437022.0,178.2962768858986,178.2962768858986,437022.0,Mother+bud at cytokinesis,1st ($n_1$=77)
14,1.0,Position_8,MIA_KC_htb1_mCitrine_labeled,S,0,69.55466729418721,72.61779378771392,289465.0,519895.0,123.4470102721063,123.4470102721063,519895.0,Mother+bud at cytokinesis,1st ($n_1$=77)
15,1.0,Position_1,MIA_KC_htb1_mCitrine_flu_control_labeled,G1,1,79.14385696672153,93.87108733227532,534.0000000000003,1449.0000000000002,93.87108733227532,79.14385696672153,534.0000000000003,AF control at G1-entry,1st ($n_1$=77)
15,1.0,Position_5,MIA_KC_htb1_mCitrine_labeled,G1,0,86.4233903995032,90.01842995782305,236681.0,227384.00000000003,90.01842995782305,86.4233903995032,236681.0,At G1-entry,1st ($n_1$=77)
15,1.0,Position_1,MIA_KC_htb1_mCitrine_flu_control_labeled,S,1,94.22678897627064,92.43629541205648,996.0000000000006,1706.000000000001,147.19526062414317,147.19526062414317,1706.000000000001,"AF control, m+b at cytokinesis",1st ($n_1$=77)
15,1.0,Position_5,MIA_KC_htb1_mCitrine_labeled,S,0,88.56927434623452,95.76403544461942,241506.0,444324.0,152.38010136677732,152.38010136677732,444324.0,Mother+bud at cytokinesis,1st ($n_1$=77)
16,1.0,Position_1,MIA_KC_htb1_mCitrine_flu_control_labeled,G1,1,41.1535032245259,73.5780683589161,806.0000000000006,1137.0000000000025,73.5780683589161,41.1535032245259,806.0000000000006,AF control at G1-entry,1st ($n_1$=77)
16,1.0,Position_1,MIA_KC_htb1_mCitrine_flu_control_labeled,S,1,72.96898050728133,76.1477676216621,1318.9999999999968,2079.0000000000014,111.12433558348596,111.12433558348596,2079.0000000000014,"AF control, m+b at cytokinesis",1st ($n_1$=77)
17,1.0,Position_1,MIA_KC_htb1_mCitrine_flu_control_labeled,G1,1,66.82962275512482,84.42250769334854,1128.0000000000025,1247.9999999999975,84.42250769334854,66.82962275512482,1128.0000000000025,AF control at G1-entry,1st ($n_1$=77)
17,1.0,Position_4,MIA_KC_htb1_mCitrine_labeled,G1,0,71.82310076827376,84.30743428985846,248140.0,235970.00000000003,84.30743428985846,71.82310076827376,248140.0,At G1-entry,1st ($n_1$=77)
17,1.0,Position_5,MIA_KC_htb1_mCitrine_labeled,G1,0,58.29724345446315,87.29571659752413,213358.0,184134.0,87.29571659752413,58.29724345446315,213358.0,At G1-entry,1st ($n_1$=77)
17,1.0,Position_1,MIA_KC_htb1_mCitrine_flu_control_labeled,S,1,78.13234761525757,86.83444005516267,859.0000000000028,1363.000000000003,123.67535036754816,123.67535036754816,1363.000000000003,"AF control, m+b at cytokinesis",1st ($n_1$=77)
17,1.0,Position_4,MIA_KC_htb1_mCitrine_labeled,S,0,85.02310553391963,66.9880172599049,235457.0,469019.0,113.1324987373206,113.1324987373206,469019.0,Mother+bud at cytokinesis,1st ($n_1$=77)
17,1.0,Position_5,MIA_KC_htb1_mCitrine_labeled,S,0,85.51965315503334,94.26512956010065,182542.0,373875.0,151.40910189870948,151.40910189870948,373875.0,Mother+bud at cytokinesis,1st ($n_1$=77)
18,1.0,Position_1,MIA_KC_htb1_mCitrine_flu_control_labeled,G1,1,73.81363619788362,86.82667243845106,1429.0000000000018,2203.9999999999973,86.82667243845106,73.81363619788362,1429.0000000000018,AF control at G1-entry,1st ($n_1$=77)
18,1.0,Position_3,MIA_KC_htb1_mCitrine_flu_control_labeled,G1,1,48.976921841763954,69.48853008843102,692.0000000000007,1013.0000000000028,69.48853008843102,48.976921841763954,692.0000000000007,AF control at G1-entry,1st ($n_1$=77)
18,1.0,Position_4,MIA_KC_htb1_mCitrine_labeled,G1,0,88.51916830311352,142.4270479339791,228230.0,223124.0,142.4270479339791,88.51916830311352,228230.0,At G1-entry,1st ($n_1$=77)
18,1.0,Position_5,MIA_KC_htb1_mCitrine_labeled,G1,0,53.80985728054839,78.32463794537628,232059.0,213563.0,78.32463794537628,53.80985728054839,232059.0,At G1-entry,1st ($n_1$=77)
18,1.0,Position_8,MIA_KC_htb1_mCitrine_labeled,G1,0,41.87840161024051,89.6727766963847,264888.0,297552.0,89.6727766963847,41.87840161024051,264888.0,At G1-entry,1st ($n_1$=77)
18,1.0,Position_1,MIA_KC_htb1_mCitrine_flu_control_labeled,S,1,89.9176506196572,95.97712461438437,1232.999999999999,2683.999999999998,136.18785579647133,136.18785579647133,2683.999999999998,"AF control, m+b at cytokinesis",1st ($n_1$=77)
18,1.0,Position_3,MIA_KC_htb1_mCitrine_flu_control_labeled,S,1,71.88369719177516,73.83349202705017,1497.9999999999989,1679.0,97.9225586436569,97.9225586436569,1679.0,"AF control, m+b at cytokinesis",1st ($n_1$=77)
18,1.0,Position_4,MIA_KC_htb1_mCitrine_labeled,S,0,137.71816288504107,156.08972782960257,234968.0,538444.0,294.8054989576314,294.8054989576314,538444.0,Mother+bud at cytokinesis,1st ($n_1$=77)
18,1.0,Position_5,MIA_KC_htb1_mCitrine_labeled,S,0,75.29373380292658,94.11451248452856,210549.0,473013.0,141.25559138434176,141.25559138434176,473013.0,Mother+bud at cytokinesis,1st ($n_1$=77)
18,1.0,Position_8,MIA_KC_htb1_mCitrine_labeled,S,0,73.57163834479171,87.03839789571522,294850.0,546756.0,126.75306019732872,126.75306019732872,546756.0,Mother+bud at cytokinesis,1st ($n_1$=77)
19,1.0,Position_1,MIA_KC_htb1_mCitrine_flu_control_labeled,G1,1,57.46164429838242,67.23774689004264,559.9999999999978,1119.999999999997,67.23774689004264,57.46164429838242,559.9999999999978,AF control at G1-entry,1st ($n_1$=77)
19,1.0,Position_3,MIA_KC_htb1_mCitrine_flu_control_labeled,G1,1,64.06327321205272,75.55059410161412,857.999999999999,1321.0000000000025,75.55059410161412,64.06327321205272,857.999999999999,AF control at G1-entry,1st ($n_1$=77)
19,1.0,Position_5,MIA_KC_htb1_mCitrine_labeled,G1,0,63.81288138970509,86.67057257437132,230471.00000000003,284094.0,86.67057257437132,63.81288138970509,230471.00000000003,At G1-entry,1st ($n_1$=77)
19,1.0,Position_1,MIA_KC_htb1_mCitrine_flu_control_labeled,S,1,70.04896503785413,71.4149778290512,1233.0000000000025,1665.0000000000025,111.47506786341096,111.47506786341096,1665.0000000000025,"AF control, m+b at cytokinesis",1st ($n_1$=77)
19,1.0,Position_3,MIA_KC_htb1_mCitrine_flu_control_labeled,S,1,76.31484408818277,81.23175168306467,1527.999999999999,1611.9999999999975,128.3644993258487,128.3644993258487,1611.9999999999975,"AF control, m+b at cytokinesis",1st ($n_1$=77)
19,1.0,Position_5,MIA_KC_htb1_mCitrine_labeled,S,0,91.17246174119428,85.16189427242836,315888.0,434350.0,137.72515631373173,137.72515631373173,434350.0,Mother+bud at cytokinesis,1st ($n_1$=77)
20,1.0,Position_4,MIA_KC_htb1_mCitrine_labeled,G1,0,64.76042122529525,78.69166700182714,255686.0,246180.00000000003,78.69166700182714,64.76042122529525,255686.0,At G1-entry,1st ($n_1$=77)
20,1.0,Position_5,MIA_KC_htb1_mCitrine_labeled,G1,0,62.00275631387935,78.3497303603662,263750.0,222915.0,78.3497303603662,62.00275631387935,263750.0,At G1-entry,1st ($n_1$=77)
20,1.0,Position_4,MIA_KC_htb1_mCitrine_labeled,S,0,74.23599766186575,86.4048938559322,257577.0,499273.0,150.55715268750257,150.55715268750257,499273.0,Mother+bud at cytokinesis,1st ($n_1$=77)
20,1.0,Position_5,MIA_KC_htb1_mCitrine_labeled,S,0,71.00046595557721,70.95260355634514,236772.00000000003,451450.0,129.42740013401922,129.42740013401922,451450.0,Mother+bud at cytokinesis,1st ($n_1$=77)
20,2.0,Position_1,MIA_KC_htb1_mCitrine_flu_control_labeled,G1,1,50.80719379579296,73.36352113334249,836.9999999999999,1311.9999999999973,73.36352113334249,50.80719379579296,836.9999999999999,AF control at G1-entry,2+ ($n_2$=138)
20,2.0,Position_1,MIA_KC_htb1_mCitrine_flu_control_labeled,S,1,71.51128778685465,94.2487839722674,1046.0000000000002,1116.000000000001,134.7052519506529,134.7052519506529,1116.000000000001,"AF control, m+b at cytokinesis",2+ ($n_2$=138)
20,3.0,Position_1,MIA_KC_htb1_mCitrine_flu_control_labeled,G1,1,95.27712504071756,98.81217755560188,495.00000000000153,1384.999999999999,98.81217755560188,95.27712504071756,495.00000000000153,AF control at G1-entry,2+ ($n_2$=138)
20,3.0,Position_1,MIA_KC_htb1_mCitrine_flu_control_labeled,S,1,95.01370817633608,87.76343864787997,1135.0000000000027,1249.0000000000025,139.3225824915301,139.3225824915301,1249.0000000000025,"AF control, m+b at cytokinesis",2+ ($n_2$=138)
21,1.0,Position_5,MIA_KC_htb1_mCitrine_labeled,G1,0,34.13718881756833,48.15146325113257,203498.0,213486.0,48.15146325113257,34.13718881756833,203498.0,At G1-entry,1st ($n_1$=77)
21,1.0,Position_8,MIA_KC_htb1_mCitrine_labeled,G1,0,63.95645372357525,70.69505462760405,321519.0,337215.0,70.69505462760405,63.95645372357525,321519.0,At G1-entry,1st ($n_1$=77)
21,1.0,Position_5,MIA_KC_htb1_mCitrine_labeled,S,0,47.61714059738796,37.41989895937456,214712.00000000003,461676.0,59.625420124244286,59.625420124244286,461676.0,Mother+bud at cytokinesis,1st ($n_1$=77)
21,1.0,Position_8,MIA_KC_htb1_mCitrine_labeled,S,0,73.91005511550466,91.53186099042767,345811.0,594428.0,151.94906103427277,151.94906103427277,594428.0,Mother+bud at cytokinesis,1st ($n_1$=77)
22,1.0,Position_1,MIA_KC_htb1_mCitrine_flu_control_labeled,G1,1,72.64019359092154,93.47697811618946,834.999999999997,1619.999999999999,93.47697811618946,72.64019359092154,834.999999999997,AF control at G1-entry,1st ($n_1$=77)
22,1.0,Position_4,MIA_KC_htb1_mCitrine_labeled,G1,0,49.825269904295226,86.23615859430465,256463.0,251745.0,86.23615859430465,49.825269904295226,256463.0,At G1-entry,1st ($n_1$=77)
22,1.0,Position_5,MIA_KC_htb1_mCitrine_labeled,G1,0,65.58314873036815,95.0656186217656,213154.00000000003,233995.0,95.0656186217656,65.58314873036815,213154.00000000003,At G1-entry,1st ($n_1$=77)
22,1.0,Position_8,MIA_KC_htb1_mCitrine_labeled,G1,0,32.32216234824356,43.963179476925,284161.0,279931.0,43.963179476925,32.32216234824356,284161.0,At G1-entry,1st ($n_1$=77)
22,1.0,Position_1,MIA_KC_htb1_mCitrine_flu_control_labeled,S,1,91.87286352113776,99.20762624867967,1292.9999999999995,2382.999999999997,155.1762761588478,155.1762761588478,2382.999999999997,"AF control, m+b at cytokinesis",1st ($n_1$=77)
22,1.0,Position_4,MIA_KC_htb1_mCitrine_labeled,S,0,86.21561090009526,126.70299889772554,266050.0,465135.0,181.33021310791088,181.33021310791088,465135.0,Mother+bud at cytokinesis,1st ($n_1$=77)
22,1.0,Position_5,MIA_KC_htb1_mCitrine_labeled,S,0,88.54361387387682,100.01094434690626,235901.0,456252.0,137.10097803682947,137.10097803682947,456252.0,Mother+bud at cytokinesis,1st ($n_1$=77)
22,1.0,Position_8,MIA_KC_htb1_mCitrine_labeled,S,0,40.74392923570321,54.046186925973565,279993.0,544969.0,93.12156113238215,93.12156113238215,544969.0,Mother+bud at cytokinesis,1st ($n_1$=77)
23,1.0,Position_1,MIA_KC_htb1_mCitrine_flu_control_labeled,G1,1,32.36017043686638,65.09919347656131,691.9999999999982,1195.9999999999984,65.09919347656131,32.36017043686638,691.9999999999982,AF control at G1-entry,1st ($n_1$=77)
23,1.0,Position_1,MIA_KC_htb1_mCitrine_flu_control_labeled,S,1,63.56430322345421,62.387620587524246,1058.0000000000002,1803.0000000000016,99.88148296971744,99.88148296971744,1803.0000000000016,"AF control, m+b at cytokinesis",1st ($n_1$=77)
28,1.0,Position_1,MIA_KC_htb1_mCitrine_flu_control_labeled,G1,1,65.88449068697302,95.33991794463742,1384.0000000000018,892.0000000000005,95.33991794463742,65.88449068697302,1384.0000000000018,AF control at G1-entry,1st ($n_1$=77)
28,1.0,Position_1,MIA_KC_htb1_mCitrine_flu_control_labeled,S,1,88.64361990903208,88.17902010844374,1245.0,2428.000000000004,137.9768767115125,137.9768767115125,2428.000000000004,"AF control, m+b at cytokinesis",1st ($n_1$=77)
30,1.0,Position_5,MIA_KC_htb1_mCitrine_labeled,G1,0,57.27216095434806,82.63287545177373,280216.0,332996.0,82.63287545177373,57.27216095434806,280216.0,At G1-entry,1st ($n_1$=77)
30,1.0,Position_5,MIA_KC_htb1_mCitrine_labeled,S,0,85.59365111446019,87.11739529297336,343354.0,487836.0,124.59876083253585,124.59876083253585,487836.0,Mother+bud at cytokinesis,1st ($n_1$=77)
35,2.0,Position_8,MIA_KC_htb1_mCitrine_labeled,G1,0,93.4437214572077,90.15076843856671,316428.0,312448.0,90.15076843856671,93.4437214572077,316428.0,At G1-entry,2+ ($n_2$=138)
35,2.0,Position_8,MIA_KC_htb1_mCitrine_labeled,S,0,96.1958484491588,92.15820756787484,321455.0,554991.0,149.2888297196613,149.2888297196613,554991.0,Mother+bud at cytokinesis,2+ ($n_2$=138)
