Position_n,frame_i,Cell_ID,is_cell_dead,is_cell_excluded,x_centroid,y_centroid,editIDclicked_x,editIDclicked_y,editIDnewID,cell_cycle_stage,generation_num,relative_ID,relationship,emerg_frame_i,division_frame_i,is_history_known,corrected_assignment,cell_area_pxl,cell_vol_vox,cell_area_um2,cell_vol_fl
Position_1,0,1,FALSE,FALSE,550,62,,,-1,G1,2,-1,mother,-1,-1,FALSE,FALSE,2961,115933.2837,15.56203892,44.17232629
Position_1,0,2,FALSE,FALSE,592,63,,,-1,G1,2,-1,mother,-1,-1,FALSE,FALSE,523,8394.90399,2.748715418,3.198584793
Position_1,0,3,FALSE,FALSE,486,82,,,-1,G1,2,-1,mother,-1,-1,FALSE,FALSE,2829,104418.3995,14.86829048,39.78498206
Position_1,0,4,FALSE,FALSE,584,103,,,-1,G1,2,-1,mother,-1,-1,FALSE,FALSE,1733,48881.30256,9.108076138,18.62451211
Position_1,0,5,FALSE,FALSE,533,134,,,-1,G1,2,-1,mother,-1,-1,FALSE,FALSE,3726,151505.9063,19.58262648,57.72603097
Position_1,0,6,FALSE,FALSE,460,147,,,-1,G1,2,-1,mother,-1,-1,FALSE,FALSE,4898,240971.3766,25.74227174,91.81372194
Position_1,0,7,FALSE,FALSE,435,202,,,-1,G1,2,-1,mother,-1,-1,FALSE,FALSE,2019,65678.99195,10.61119776,25.02468463
Position_1,0,8,FALSE,FALSE,305,311,,,-1,G1,2,-1,mother,-1,-1,FALSE,FALSE,3219,133938.3159,16.91800178,51.03251461
Position_1,0,9,FALSE,FALSE,327,367,,,-1,G1,2,-1,mother,-1,-1,FALSE,FALSE,2447,86886.31145,12.86062453,33.10499261
Position_1,0,10,FALSE,FALSE,223,449,,,-1,G1,2,-1,mother,-1,-1,FALSE,FALSE,875,17717.96419,4.598711264,6.750811074
Position_1,0,11,FALSE,FALSE,268,466,,,-1,G1,2,-1,mother,-1,-1,FALSE,FALSE,3770,164866.6485,19.81387596,62.81667489
Position_1,0,12,FALSE,FALSE,308,520,,,-1,G1,2,-1,mother,-1,-1,FALSE,FALSE,2768,107750.5742,14.5476946,41.0545908
Position_1,0,13,FALSE,FALSE,246,532,,,-1,G1,2,-1,mother,-1,-1,FALSE,FALSE,3630,150086.9064,19.07808216,57.18537067
Position_1,0,14,FALSE,FALSE,251,585,,,-1,G1,2,-1,mother,-1,-1,FALSE,FALSE,1648,47443.08092,8.661344186,18.07652802
Position_1,0,15,FALSE,FALSE,403,752,,,-1,G1,2,-1,mother,-1,-1,FALSE,FALSE,4309,201339.1765,22.6466821,76.71325711
Position_1,0,16,FALSE,FALSE,380,795,,,-1,G1,2,-1,mother,-1,-1,FALSE,FALSE,790,16124.366,4.151979313,6.143626174
Position_1,0,17,FALSE,FALSE,305,555,,,-1,G1,2,-1,mother,-1,-1,FALSE,FALSE,206,1864.962051,1.082668023,0.710578616
Position_2,0,1,FALSE,FALSE,239,249,,,-1,G1,2,-1,mother,-1,-1,FALSE,FALSE,4217,189662.3599,22.16316046,72.26421421
Position_2,0,2,FALSE,FALSE,236,309,,,-1,G1,2,-1,mother,-1,-1,FALSE,FALSE,2520,92381.34895,13.24428844,35.19868461
Position_2,0,3,FALSE,FALSE,733,328,,,-1,G1,2,-1,mother,-1,-1,FALSE,FALSE,4840,243741.086,25.43744288,92.8690229
Position_2,0,4,FALSE,FALSE,366,377,,,-1,G1,2,-1,mother,-1,-1,FALSE,FALSE,3425,138223.2614,18.0006698,52.66514334
Position_2,0,5,FALSE,FALSE,319,403,,,-1,G1,2,-1,mother,-1,-1,FALSE,FALSE,1403,38105.15127,7.373705032,14.51863625
Position_2,0,6,FALSE,FALSE,421,414,,,-1,G1,2,-1,mother,-1,-1,FALSE,FALSE,2425,86386.9704,12.74499979,32.91473615
Position_2,0,7,FALSE,FALSE,467,441,,,-1,G1,2,-1,mother,-1,-1,FALSE,FALSE,2081,67952.36471,10.9370493,25.89087387
Position_2,0,8,FALSE,FALSE,361,449,,,-1,G1,2,-1,mother,-1,-1,FALSE,FALSE,5588,308036.7261,29.36868405,117.3666297
Position_2,0,9,FALSE,FALSE,425,483,,,-1,G1,2,-1,mother,-1,-1,FALSE,FALSE,3418,131762.7445,17.96388011,50.20358916
Position_2,0,10,FALSE,FALSE,352,520,,,-1,G1,2,-1,mother,-1,-1,FALSE,FALSE,3411,146185.2717,17.92709042,55.69878911
Position_2,0,11,FALSE,FALSE,63,635,,,-1,G1,2,-1,mother,-1,-1,FALSE,FALSE,4889,252725.3713,25.69497071,96.29217088
Position_2,0,12,FALSE,FALSE,49,690,,,-1,G1,2,-1,mother,-1,-1,FALSE,FALSE,1552,43758.15859,8.156799865,16.67251714
Position_3,0,1,FALSE,FALSE,370,58,,,-1,G1,2,-1,mother,-1,-1,FALSE,FALSE,4162,186213.3352,21.87409861,70.95008387
Position_3,0,2,FALSE,FALSE,306,88,,,-1,G1,2,-1,mother,-1,-1,FALSE,FALSE,4121,189651.3218,21.65861614,72.26000854
Position_3,0,3,FALSE,FALSE,369,108,,,-1,G1,2,-1,mother,-1,-1,FALSE,FALSE,705,12603.83037,3.705247361,4.802249104
Position_3,0,4,FALSE,FALSE,413,114,,,-1,G1,2,-1,mother,-1,-1,FALSE,FALSE,2802,101847.8342,14.72638738,38.805558
Position_3,0,5,FALSE,FALSE,343,149,,,-1,G1,2,-1,mother,-1,-1,FALSE,FALSE,4257,182318.5029,22.37338726,69.46609414
Position_3,0,6,FALSE,FALSE,569,168,,,-1,G1,2,-1,mother,-1,-1,FALSE,FALSE,4062,186347.2974,21.3485316,71.00112548
Position_3,0,7,FALSE,FALSE,525,180,,,-1,G1,2,-1,mother,-1,-1,FALSE,FALSE,262,3165.193907,1.376985544,1.205986526
Position_3,0,8,FALSE,FALSE,310,185,,,-1,G1,2,-1,mother,-1,-1,FALSE,FALSE,202,2050.186448,1.061645343,0.781151899
Position_3,0,9,FALSE,FALSE,630,194,,,-1,G1,2,-1,mother,-1,-1,FALSE,FALSE,2971,112555.3982,15.61459562,42.88530106
Position_3,0,10,FALSE,FALSE,537,208,,,-1,G1,2,-1,mother,-1,-1,FALSE,FALSE,594,10241.22457,3.12186799,3.902060727
Position_3,0,11,FALSE,FALSE,340,210,,,-1,G1,2,-1,mother,-1,-1,FALSE,FALSE,3544,132783.9816,18.62609454,50.59269587
Position_3,0,12,FALSE,FALSE,401,217,,,-1,G1,2,-1,mother,-1,-1,FALSE,FALSE,2171,74426.46275,11.4100596,28.35760269
Position_3,0,13,FALSE,FALSE,579,241,,,-1,G1,2,-1,mother,-1,-1,FALSE,FALSE,4449,202955.6475,23.3824759,77.32915689
Position_3,0,14,FALSE,FALSE,639,246,,,-1,G1,2,-1,mother,-1,-1,FALSE,FALSE,1359,36542.77581,7.142455552,13.92334768
Position_3,0,16,FALSE,FALSE,419,428,,,-1,G1,2,-1,mother,-1,-1,FALSE,FALSE,3289,137945.6483,17.28589868,52.55936856
Position_3,0,17,FALSE,FALSE,575,657,,,-1,G1,2,-1,mother,-1,-1,FALSE,FALSE,3181,118227.928,16.71828632,45.04662029
Position_3,0,18,FALSE,FALSE,582,725,,,-1,G1,2,-1,mother,-1,-1,FALSE,FALSE,6133,346877.8624,32.23302421,132.1656873
Position_3,0,19,FALSE,FALSE,361,780,,,-1,G1,2,-1,mother,-1,-1,FALSE,FALSE,5942,340717.9568,31.22919124,129.8186705
Position_3,0,20,FALSE,FALSE,584,787,,,-1,G1,2,-1,mother,-1,-1,FALSE,FALSE,1690,49903.2438,8.882082327,19.0138871
Position_3,0,22,FALSE,FALSE,552,301,,,-1,G1,2,-1,mother,-1,-1,FALSE,FALSE,3694,162831.6154,19.41444504,62.04129667
Position_3,0,23,FALSE,FALSE,530,266,,,-1,G1,2,-1,mother,-1,-1,FALSE,FALSE,170,1523.788246,0.893463903,0.58058626
Position_4,0,1,FALSE,FALSE,461,111,,,-1,G1,2,-1,mother,-1,-1,FALSE,FALSE,2453,80699.46278,12.89215855,30.74771013
Position_4,0,2,FALSE,FALSE,424,155,,,-1,G1,2,-1,mother,-1,-1,FALSE,FALSE,3749,164989.9069,19.70350689,62.86363821
Position_4,0,3,FALSE,FALSE,486,170,,,-1,G1,2,-1,mother,-1,-1,FALSE,FALSE,2688,99082.4039,14.127241,37.75188742
Position_4,0,4,FALSE,FALSE,534,209,,,-1,G1,2,-1,mother,-1,-1,FALSE,FALSE,3946,180681.8759,20.73887388,68.84251461
Position_4,0,5,FALSE,FALSE,431,217,,,-1,G1,2,-1,mother,-1,-1,FALSE,FALSE,2467,90518.11393,12.96573793,34.48876402
Position_4,0,6,FALSE,FALSE,589,243,,,-1,G1,2,-1,mother,-1,-1,FALSE,FALSE,2462,86694.13044,12.93945958,33.03176875
Position_4,0,7,FALSE,FALSE,486,254,,,-1,G1,2,-1,mother,-1,-1,FALSE,FALSE,2913,113264.8453,15.30976676,43.15561107
Position_4,0,8,FALSE,FALSE,547,282,,,-1,G1,2,-1,mother,-1,-1,FALSE,FALSE,3362,138412.8637,17.66956259,52.73738466
Position_4,0,9,FALSE,FALSE,554,340,,,-1,G1,2,-1,mother,-1,-1,FALSE,FALSE,2808,108803.7036,14.7579214,41.45584895
Position_4,0,10,FALSE,FALSE,311,544,,,-1,G1,2,-1,mother,-1,-1,FALSE,FALSE,5270,271637.3073,27.69738098,103.4979032
Position_4,0,11,FALSE,FALSE,356,573,,,-1,G1,2,-1,mother,-1,-1,FALSE,FALSE,533,8351.25772,2.801272119,3.181954907
Position_4,0,12,FALSE,FALSE,318,614,,,-1,G1,2,-1,mother,-1,-1,FALSE,FALSE,3594,150951.4917,18.88887804,57.51479068
Position_4,0,13,FALSE,FALSE,263,652,,,-1,G1,2,-1,mother,-1,-1,FALSE,FALSE,2587,87651.83124,13.59641833,33.39666717
Position_4,0,14,FALSE,FALSE,319,681,,,-1,G1,2,-1,mother,-1,-1,FALSE,FALSE,4160,189356.4511,21.86358727,72.14765834
Position_4,0,15,FALSE,FALSE,317,746,,,-1,G1,2,-1,mother,-1,-1,FALSE,FALSE,2964,112359.1873,15.57780593,42.81054177
Position_5,0,1,FALSE,FALSE,73,114,,,-1,G1,2,-1,mother,-1,-1,FALSE,FALSE,1761,51503.11005,9.255234898,19.62346023
Position_5,0,2,FALSE,FALSE,125,134,,,-1,G1,2,-1,mother,-1,-1,FALSE,FALSE,3776,169964.7201,19.84540998,64.7591169
Position_5,0,3,FALSE,FALSE,490,257,,,-1,G1,2,-1,mother,-1,-1,FALSE,FALSE,3818,168750.3514,20.06614812,64.29642415
Position_5,0,4,FALSE,FALSE,437,282,,,-1,G1,2,-1,mother,-1,-1,FALSE,FALSE,1936,60998.37344,10.17497715,23.24129852
Position_5,0,5,FALSE,FALSE,479,319,,,-1,G1,2,-1,mother,-1,-1,FALSE,FALSE,3207,122270.5192,16.85493374,46.58690842
Position_5,0,6,FALSE,FALSE,559,647,,,-1,G1,2,-1,mother,-1,-1,FALSE,FALSE,3596,150180.3909,18.89938938,57.22098966
Position_5,0,7,FALSE,FALSE,614,668,,,-1,G1,2,-1,mother,-1,-1,FALSE,FALSE,2008,60094.2222,10.55338539,22.89680329
Position_5,0,8,FALSE,FALSE,568,713,,,-1,G1,2,-1,mother,-1,-1,FALSE,FALSE,4143,187945.4078,21.77424088,71.6100296
Position_5,0,9,FALSE,FALSE,626,723,,,-1,G1,2,-1,mother,-1,-1,FALSE,FALSE,2795,101804.0146,14.68959769,38.78886205
Position_5,0,10,FALSE,FALSE,564,755,,,-1,G1,2,-1,mother,-1,-1,FALSE,FALSE,194,1836.466431,1.019599983,0.699721355
Position_5,0,11,FALSE,FALSE,112,66,,,-1,G1,2,-1,mother,-1,-1,FALSE,FALSE,3535,149453.3854,18.57879351,56.94398965
Position_6,0,1,FALSE,FALSE,690,71,,,-1,G1,2,-1,mother,-1,-1,FALSE,FALSE,5394,267384.7242,28.34908407,101.877605
Position_6,0,2,FALSE,FALSE,697,135,,,-1,G1,2,-1,mother,-1,-1,FALSE,FALSE,2571,96753.54492,13.51232761,36.86455709
Position_6,0,3,FALSE,FALSE,642,152,,,-1,G1,2,-1,mother,-1,-1,FALSE,FALSE,3557,140294.553,18.69441825,53.4543366
Position_6,0,4,FALSE,FALSE,590,188,,,-1,G1,2,-1,mother,-1,-1,FALSE,FALSE,4025,182542.1521,21.15407181,69.55130786
Position_6,0,5,FALSE,FALSE,648,211,,,-1,G1,2,-1,mother,-1,-1,FALSE,FALSE,2445,80190.12224,12.85011319,30.55364372
Position_6,0,6,FALSE,FALSE,70,297,,,-1,G1,2,-1,mother,-1,-1,FALSE,FALSE,4117,186736.8864,21.63759346,71.14956475
Position_6,0,7,FALSE,FALSE,108,345,,,-1,G1,2,-1,mother,-1,-1,FALSE,FALSE,2619,89621.40033,13.76459977,34.14710264
Position_6,0,8,FALSE,FALSE,512,618,,,-1,G1,2,-1,mother,-1,-1,FALSE,FALSE,2932,110832.3279,15.40962449,42.22878533
Position_6,0,9,FALSE,FALSE,664,625,,,-1,G1,2,-1,mother,-1,-1,FALSE,FALSE,849,17768.59424,4.462063844,6.770101885
Position_6,0,10,FALSE,FALSE,571,638,,,-1,G1,2,-1,mother,-1,-1,FALSE,FALSE,4581,228628.0222,24.07622434,87.11071811
Position_6,0,11,FALSE,FALSE,631,664,,,-1,G1,2,-1,mother,-1,-1,FALSE,FALSE,3346,124434.0407,17.58547187,47.41124266
Position_6,0,12,FALSE,FALSE,727,689,,,-1,G1,2,-1,mother,-1,-1,FALSE,FALSE,4708,234319.557,24.74369444,89.27927853
Position_6,0,13,FALSE,FALSE,660,710,,,-1,G1,2,-1,mother,-1,-1,FALSE,FALSE,3117,114778.6538,16.38192344,43.73239491
Position_6,0,14,FALSE,FALSE,771,740,,,-1,G1,2,-1,mother,-1,-1,FALSE,FALSE,2223,72636.69135,11.68335445,27.67567284
Position_6,0,15,FALSE,FALSE,707,752,,,-1,G1,2,-1,mother,-1,-1,FALSE,FALSE,3251,128278.4954,17.08618322,48.87603779
Position_6,0,16,FALSE,FALSE,647,766,,,-1,G1,2,-1,mother,-1,-1,FALSE,FALSE,2094,67334.72957,11.00537301,25.65554559
Position_7,0,1,FALSE,FALSE,296,178,,,-1,G1,2,-1,mother,-1,-1,FALSE,FALSE,5176,263050.2763,27.203348,100.2261151
Position_7,0,2,FALSE,FALSE,341,206,,,-1,G1,2,-1,mother,-1,-1,FALSE,FALSE,777,15258.93175,4.083655602,5.813882696
Position_7,0,3,FALSE,FALSE,307,248,,,-1,G1,2,-1,mother,-1,-1,FALSE,FALSE,3631,153995.7982,19.08333783,58.6747173
Position_7,0,4,FALSE,FALSE,250,284,,,-1,G1,2,-1,mother,-1,-1,FALSE,FALSE,2850,102226.8179,14.97865955,38.94995651
Position_7,0,5,FALSE,FALSE,304,316,,,-1,G1,2,-1,mother,-1,-1,FALSE,FALSE,4102,183222.7274,21.55875841,69.81061727
Position_7,0,6,FALSE,FALSE,302,380,,,-1,G1,2,-1,mother,-1,-1,FALSE,FALSE,2988,113559.1892,15.70394201,43.26776053
Position_7,0,7,FALSE,FALSE,114,612,,,-1,G1,2,-1,mother,-1,-1,FALSE,FALSE,3469,140873.2346,18.23191929,53.67482301
Position_7,0,8,FALSE,FALSE,101,661,,,-1,G1,2,-1,mother,-1,-1,FALSE,FALSE,1835,57014.96803,9.644154479,21.72356109
Position_7,0,9,FALSE,FALSE,658,687,,,-1,G1,2,-1,mother,-1,-1,FALSE,FALSE,4692,230627.0566,24.65960372,87.87238029
Position_7,0,10,FALSE,FALSE,656,751,,,-1,G1,2,-1,mother,-1,-1,FALSE,FALSE,2785,108109.3539,14.63704099,41.19129124
Position_8,0,1,FALSE,FALSE,71,75,,,-1,G1,2,-1,mother,-1,-1,FALSE,FALSE,3638,154692.2387,19.12012752,58.94007159
Position_8,0,2,FALSE,FALSE,745,109,,,-1,G1,2,-1,mother,-1,-1,FALSE,FALSE,6414,377087.4478,33.70986748,143.6759941
Position_8,0,3,FALSE,FALSE,58,116,,,-1,G1,2,-1,mother,-1,-1,FALSE,FALSE,307,3557.081283,1.613490695,1.355301515
Position_8,0,4,FALSE,FALSE,115,124,,,-1,G1,2,-1,mother,-1,-1,FALSE,FALSE,4465,221710.0734,23.46656662,84.47487546
Position_8,0,5,FALSE,FALSE,729,180,,,-1,G1,2,-1,mother,-1,-1,FALSE,FALSE,3280,133668.3718,17.23859765,50.92966181
Position_8,0,6,FALSE,FALSE,108,186,,,-1,G1,2,-1,mother,-1,-1,FALSE,FALSE,2705,101184.5335,14.21658739,38.55283045
Position_8,0,7,FALSE,FALSE,444,299,,,-1,G1,2,-1,mother,-1,-1,FALSE,FALSE,4943,257386.8854,25.97877689,98.06827792
Position_8,0,8,FALSE,FALSE,174,333,,,-1,G1,2,-1,mother,-1,-1,FALSE,FALSE,4561,217048.2337,23.97111094,82.69864439
Position_8,0,9,FALSE,FALSE,428,355,,,-1,G1,2,-1,mother,-1,-1,FALSE,FALSE,1739,51881.729,9.139610158,19.76771975
Position_8,0,10,FALSE,FALSE,175,390,,,-1,G1,2,-1,mother,-1,-1,FALSE,FALSE,2120,66785.53719,11.14202043,25.44629503
Position_8,0,11,FALSE,FALSE,567,724,,,-1,G1,2,-1,mother,-1,-1,FALSE,FALSE,5069,263145.7678,26.64099131,100.2624988
Position_8,0,12,FALSE,FALSE,542,782,,,-1,G1,2,-1,mother,-1,-1,FALSE,FALSE,2781,106165.827,14.61601831,40.45077827
Position_9,0,1,FALSE,FALSE,515,400,,,-1,G1,2,-1,mother,-1,-1,FALSE,FALSE,5301,272766.8456,27.86030675,103.9282743
Position_9,0,2,FALSE,FALSE,323,429,,,-1,G1,2,-1,mother,-1,-1,FALSE,FALSE,4637,226637.1699,24.37054186,86.3521734
Position_9,0,3,FALSE,FALSE,519,469,,,-1,G1,2,-1,mother,-1,-1,FALSE,FALSE,3380,145620.8803,17.76416465,55.48374748
Position_9,0,4,FALSE,FALSE,342,493,,,-1,G1,2,-1,mother,-1,-1,FALSE,FALSE,2964,119529.9907,15.57780593,45.5427258
Position_10,0,1,FALSE,FALSE,805,116,,,-1,G1,2,-1,mother,-1,-1,FALSE,FALSE,4068,180893.2008,21.38006563,68.92303258
Position_10,0,2,FALSE,FALSE,40,129,,,-1,G1,2,-1,mother,-1,-1,FALSE,FALSE,2495,90602.7659,13.11289669,34.52101769
Position_10,0,3,FALSE,FALSE,794,170,,,-1,G1,2,-1,mother,-1,-1,FALSE,FALSE,1516,44151.30927,7.967595744,16.82231346
Position_10,0,4,FALSE,FALSE,165,183,,,-1,G1,2,-1,mother,-1,-1,FALSE,FALSE,4545,206481.5285,23.88702022,78.67257061
Position_10,0,5,FALSE,FALSE,161,243,,,-1,G1,2,-1,mother,-1,-1,FALSE,FALSE,2773,88500.79742,14.57397295,33.72013606
Position_10,0,6,FALSE,FALSE,459,473,,,-1,G1,2,-1,mother,-1,-1,FALSE,FALSE,1284,34169.86907,6.748280301,13.01923449
Position_10,0,7,FALSE,FALSE,413,504,,,-1,G1,2,-1,mother,-1,-1,FALSE,FALSE,4206,197769.783,22.10534809,75.35326445
Position_10,0,8,FALSE,FALSE,245,545,,,-1,G1,2,-1,mother,-1,-1,FALSE,FALSE,4194,202146.2096,22.04228005,77.02074888
Position_10,0,9,FALSE,FALSE,395,566,,,-1,G1,2,-1,mother,-1,-1,FALSE,FALSE,2863,100944.666,15.04698326,38.46143731
Position_10,0,10,FALSE,FALSE,348,599,,,-1,G1,2,-1,mother,-1,-1,FALSE,FALSE,3831,162225.5935,20.13447183,61.81039319
Position_10,0,11,FALSE,FALSE,255,611,,,-1,G1,2,-1,mother,-1,-1,FALSE,FALSE,2388,81975.14974,12.55054,31.23376606
Position_10,0,12,FALSE,FALSE,408,633,,,-1,G1,2,-1,mother,-1,-1,FALSE,FALSE,2480,86490.46079,13.03406164,32.95416754
Position_10,0,13,FALSE,FALSE,300,644,,,-1,G1,2,-1,mother,-1,-1,FALSE,FALSE,2585,92517.22254,13.58590699,35.25045449
Position_10,0,14,FALSE,FALSE,361,670,,,-1,G1,2,-1,mother,-1,-1,FALSE,FALSE,3280,133341.131,17.23859765,50.80497814
Position_10,0,15,FALSE,FALSE,366,728,,,-1,G1,2,-1,mother,-1,-1,FALSE,FALSE,2927,117151.6994,15.38334614,44.63656101
Position_10,0,16,FALSE,FALSE,267,643,,,-1,G1,2,-1,mother,-1,-1,FALSE,FALSE,64,323.7439604,0.336362881,0.123351322
Position_11,0,1,FALSE,FALSE,606,125,,,-1,G1,2,-1,mother,-1,-1,FALSE,FALSE,5150,247318.1003,27.06670058,94.2319192
Position_11,0,2,FALSE,FALSE,605,185,,,-1,G1,2,-1,mother,-1,-1,FALSE,FALSE,1805,54536.64079,9.486484379,20.77928111
Position_11,0,3,FALSE,FALSE,424,457,,,-1,G1,2,-1,mother,-1,-1,FALSE,FALSE,3740,164060.1777,19.65620586,62.50939737
Position_11,0,4,FALSE,FALSE,202,613,,,-1,G1,2,-1,mother,-1,-1,FALSE,FALSE,4529,222298.54,23.8029295,84.69909011
Position_11,0,5,FALSE,FALSE,451,485,,,-1,G1,2,-1,mother,-1,-1,FALSE,FALSE,301,3635.605806,1.581956675,1.385220541
Position_12,0,1,FALSE,FALSE,759,74,,,-1,G1,2,-1,mother,-1,-1,FALSE,FALSE,3237,130100.2599,17.01260384,49.57015747
Position_12,0,2,FALSE,FALSE,754,133,,,-1,G1,2,-1,mother,-1,-1,FALSE,FALSE,2116,69700.41923,11.12099775,26.55690896
Position_12,0,3,FALSE,FALSE,262,190,,,-1,G1,2,-1,mother,-1,-1,FALSE,FALSE,4605,230118.7473,24.20236042,87.6787068
Position_12,0,4,FALSE,FALSE,315,200,,,-1,G1,2,-1,mother,-1,-1,FALSE,FALSE,1063,24380.79055,5.586777227,9.289448217
Position_12,0,5,FALSE,FALSE,266,259,,,-1,G1,2,-1,mother,-1,-1,FALSE,FALSE,3344,144922.9674,17.57496053,55.21783216
Position_12,0,6,FALSE,FALSE,248,713,,,-1,G1,2,-1,mother,-1,-1,FALSE,FALSE,3886,176409.7401,20.42353368,67.21476654
Position_12,0,7,FALSE,FALSE,188,742,,,-1,G1,2,-1,mother,-1,-1,FALSE,FALSE,3778,158033.0681,19.85592132,60.2129779
Position_12,0,8,FALSE,FALSE,247,763,,,-1,G1,2,-1,mother,-1,-1,FALSE,FALSE,721,12973.05396,3.789338082,4.942928847
Position_12,0,9,FALSE,FALSE,223,785,,,-1,G1,2,-1,mother,-1,-1,FALSE,FALSE,1130,26071.90161,5.938907118,9.933786987
Position_13,0,1,FALSE,FALSE,280,74,,,-1,G1,2,-1,mother,-1,-1,FALSE,FALSE,3720,164889.3625,19.55109246,62.82532927
Position_13,0,2,FALSE,FALSE,269,130,,,-1,G1,2,-1,mother,-1,-1,FALSE,FALSE,2149,73349.4528,11.29443486,27.94724568
Position_13,0,3,FALSE,FALSE,496,188,,,-1,G1,2,-1,mother,-1,-1,FALSE,FALSE,5231,270863.5498,27.49240985,103.2030899
Position_13,0,4,FALSE,FALSE,501,253,,,-1,G1,2,-1,mother,-1,-1,FALSE,FALSE,3235,118973.7812,17.0020925,45.3308016
Position_13,0,5,FALSE,FALSE,333,597,,,-1,G1,2,-1,mother,-1,-1,FALSE,FALSE,397,5259.404385,2.086500996,2.003912243
Position_13,0,6,FALSE,FALSE,330,641,,,-1,G1,2,-1,mother,-1,-1,FALSE,FALSE,3938,178221.0448,20.69682852,67.90490092
Position_13,0,7,FALSE,FALSE,556,742,,,-1,G1,2,-1,mother,-1,-1,FALSE,FALSE,3611,154156.8696,18.97822443,58.7360879
Position_14,0,1,FALSE,FALSE,253,179,,,-1,G1,2,-1,mother,-1,-1,FALSE,FALSE,3432,143629.0231,18.03745949,54.72481992
Position_14,0,2,FALSE,FALSE,252,233,,,-1,G1,2,-1,mother,-1,-1,FALSE,FALSE,2131,70137.50005,11.1998328,26.72344333
Position_14,0,3,FALSE,FALSE,453,303,,,-1,G1,2,-1,mother,-1,-1,FALSE,FALSE,1448,37479.17299,7.610210183,14.2801291
Position_14,0,4,FALSE,FALSE,516,309,,,-1,G1,2,-1,mother,-1,-1,FALSE,FALSE,3841,177527.13,20.18702853,67.64050894
Position_14,0,5,FALSE,FALSE,408,340,,,-1,G1,2,-1,mother,-1,-1,FALSE,FALSE,3581,145841.4424,18.82055433,55.56778497
Position_14,0,6,FALSE,FALSE,471,349,,,-1,G1,2,-1,mother,-1,-1,FALSE,FALSE,2031,62318.95816,10.6742658,23.74446118
Position_14,0,7,FALSE,FALSE,414,399,,,-1,G1,2,-1,mother,-1,-1,FALSE,FALSE,3282,121211.1084,17.24910899,46.18325693
Position_14,0,8,FALSE,FALSE,207,618,,,-1,G1,2,-1,mother,-1,-1,FALSE,FALSE,3628,159298.8683,19.06757082,60.69526682
Position_14,0,9,FALSE,FALSE,238,672,,,-1,G1,2,-1,mother,-1,-1,FALSE,FALSE,2689,98798.90484,14.13249667,37.64387001
Position_15,0,1,FALSE,FALSE,205,109,,,-1,G1,2,-1,mother,-1,-1,FALSE,FALSE,3464,151472.5058,18.20564094,57.71330489
Position_15,0,2,FALSE,FALSE,239,154,,,-1,G1,2,-1,mother,-1,-1,FALSE,FALSE,2240,76671.38856,11.77270084,29.21295321
Position_15,0,3,FALSE,FALSE,230,283,,,-1,G1,2,-1,mother,-1,-1,FALSE,FALSE,3187,130919.0781,16.74982034,49.88213954
Position_15,0,4,FALSE,FALSE,319,288,,,-1,G1,2,-1,mother,-1,-1,FALSE,FALSE,235,2601.908067,1.235082454,0.991366141
Position_15,0,5,FALSE,FALSE,357,298,,,-1,G1,2,-1,mother,-1,-1,FALSE,FALSE,3548,148419.0155,18.64711722,56.54987913
Position_15,0,6,FALSE,FALSE,593,689,,,-1,G1,2,-1,mother,-1,-1,FALSE,FALSE,3464,142779.5292,18.20564094,54.40114997
Position_15,0,7,FALSE,FALSE,589,751,,,-1,G1,2,-1,mother,-1,-1,FALSE,FALSE,1865,55341.0202,9.80182458,21.08576177
Position_16,0,1,FALSE,FALSE,368,332,,,-1,G1,2,-1,mother,-1,-1,FALSE,FALSE,3646,163204.3496,19.16217288,62.18331397
Position_16,0,2,FALSE,FALSE,336,379,,,-1,G1,2,-1,mother,-1,-1,FALSE,FALSE,2079,68859.02418,10.92653796,26.23632478
Position_16,0,3,FALSE,FALSE,297,553,,,-1,G1,2,-1,mother,-1,-1,FALSE,FALSE,3904,179736.8639,20.51813574,68.48245082
Position_17,0,1,FALSE,FALSE,321,117,,,-1,G1,2,-1,mother,-1,-1,FALSE,FALSE,4326,212716.7009,22.73602849,81.04826518
Position_17,0,2,FALSE,FALSE,306,178,,,-1,G1,2,-1,mother,-1,-1,FALSE,FALSE,2606,98102.13925,13.69627606,37.37839183
Position_17,0,3,FALSE,FALSE,688,517,,,-1,G1,2,-1,mother,-1,-1,FALSE,FALSE,3012,123314.9297,15.83007809,46.98484454
Position_18,0,1,FALSE,FALSE,403,124,,,-1,G1,2,-1,mother,-1,-1,FALSE,FALSE,4621,225468.5122,24.28645114,85.90689724
Position_18,0,2,FALSE,FALSE,420,172,,,-1,G1,2,-1,mother,-1,-1,FALSE,FALSE,736,13995.44679,3.868173132,5.332475908
Position_18,0,3,FALSE,FALSE,610,644,,,-1,G1,2,-1,mother,-1,-1,FALSE,FALSE,5171,266638.3947,27.17706965,101.5932422
Position_18,0,4,FALSE,FALSE,616,710,,,-1,G1,2,-1,mother,-1,-1,FALSE,FALSE,2853,112014.1251,14.99442656,42.67906788
Position_19,0,1,FALSE,FALSE,272,153,,,-1,G1,2,-1,mother,-1,-1,FALSE,FALSE,3954,182861.1644,20.78091924,69.67285635
Position_19,0,2,FALSE,FALSE,257,198,,,-1,G1,2,-1,mother,-1,-1,FALSE,FALSE,452,6835.676956,2.375562847,2.604495821
Position_19,0,3,FALSE,FALSE,282,653,,,-1,G1,2,-1,mother,-1,-1,FALSE,FALSE,3427,143334.4577,18.01118114,54.61258608
Position_19,0,4,FALSE,FALSE,439,676,,,-1,G1,2,-1,mother,-1,-1,FALSE,FALSE,3340,133374.7343,17.55393785,50.8177815
Position_19,0,5,FALSE,FALSE,278,704,,,-1,G1,2,-1,mother,-1,-1,FALSE,FALSE,1467,40304.50077,7.710067913,15.35662151
Position_19,0,6,FALSE,FALSE,429,728,,,-1,G1,2,-1,mother,-1,-1,FALSE,FALSE,2331,76903.50584,12.25096681,29.30139339
Position_20,0,1,FALSE,FALSE,154,145,,,-1,G1,2,-1,mother,-1,-1,FALSE,FALSE,3906,171214.167,20.52864708,65.23517498
Position_20,0,3,FALSE,FALSE,138,188,,,-1,G1,2,-1,mother,-1,-1,FALSE,FALSE,518,7871.699405,2.722437068,2.99923597
Position_20,0,4,FALSE,FALSE,201,196,,,-1,G1,2,-1,mother,-1,-1,FALSE,FALSE,4714,240512.4872,24.77522846,91.63887819
Position_20,0,5,FALSE,FALSE,808,254,,,-1,G1,2,-1,mother,-1,-1,FALSE,FALSE,3051,117631.7438,16.03504922,44.81946515
Position_20,0,6,FALSE,FALSE,193,260,,,-1,G1,2,-1,mother,-1,-1,FALSE,FALSE,2858,109814.9838,15.02070491,41.84116193
Position_20,0,7,FALSE,FALSE,526,370,,,-1,G1,2,-1,mother,-1,-1,FALSE,FALSE,4872,254717.159,25.60562432,97.05107197
Position_20,0,8,FALSE,FALSE,258,402,,,-1,G1,2,-1,mother,-1,-1,FALSE,FALSE,4604,224052.5194,24.19710475,85.36738266
Position_20,0,9,FALSE,FALSE,510,432,,,-1,G1,2,-1,mother,-1,-1,FALSE,FALSE,2575,96416.08325,13.53335029,36.73597912
Position_20,0,10,FALSE,FALSE,259,463,,,-1,G1,2,-1,mother,-1,-1,FALSE,FALSE,2352,81836.00822,12.36133588,31.18075105
Position_21,0,1,FALSE,FALSE,276,162,,,-1,G1,2,-1,mother,-1,-1,FALSE,FALSE,3340,131134.8895,17.55393785,49.96436695
Position_21,0,2,FALSE,FALSE,279,205,,,-1,G1,2,-1,mother,-1,-1,FALSE,FALSE,840,17682.45996,4.414762813,6.737283429
Position_21,0,3,FALSE,FALSE,459,631,,,-1,G1,2,-1,mother,-1,-1,FALSE,FALSE,3737,159269.428,19.64043885,60.68404964
Position_21,0,4,FALSE,FALSE,462,688,,,-1,G1,2,-1,mother,-1,-1,FALSE,FALSE,2265,77937.88005,11.90409259,29.69550553
Position_22,0,1,FALSE,FALSE,72,218,,,-1,G1,2,-1,mother,-1,-1,FALSE,FALSE,3091,120766.2613,16.24527602,46.01376352
Position_22,0,2,FALSE,FALSE,573,230,,,-1,G1,2,-1,mother,-1,-1,FALSE,FALSE,3717,168567.9702,19.53532545,64.22693418
Position_22,0,3,FALSE,FALSE,539,278,,,-1,G1,2,-1,mother,-1,-1,FALSE,FALSE,2425,87617.92873,12.74499979,33.3837498
Position_22,0,4,FALSE,FALSE,482,600,,,-1,G1,2,-1,mother,-1,-1,FALSE,FALSE,3959,171451.8427,20.80719759,65.325733
Position_22,0,5,FALSE,FALSE,479,666,,,-1,G1,2,-1,mother,-1,-1,FALSE,FALSE,2614,96440.42528,13.73832142,36.74525379
Position_23,0,1,FALSE,FALSE,370,57,,,-1,G1,2,-1,mother,-1,-1,FALSE,FALSE,4248,191424.3707,22.32608623,72.93556685
Position_23,0,2,FALSE,FALSE,305,87,,,-1,G1,2,-1,mother,-1,-1,FALSE,FALSE,4153,186687.5305,21.82679758,71.13075942
Position_23,0,3,FALSE,FALSE,370,108,,,-1,G1,2,-1,mother,-1,-1,FALSE,FALSE,733,13947.84999,3.852406122,5.314340808
Position_23,0,4,FALSE,FALSE,414,114,,,-1,G1,2,-1,mother,-1,-1,FALSE,FALSE,2797,100349.5733,14.70010903,38.23469803
Position_23,0,5,FALSE,FALSE,342,149,,,-1,G1,2,-1,mother,-1,-1,FALSE,FALSE,4302,184039.0125,22.60989241,70.12163419
Position_23,0,6,FALSE,FALSE,569,167,,,-1,G1,2,-1,mother,-1,-1,FALSE,FALSE,4111,190579.7986,21.60605944,72.61377217
Position_23,0,7,FALSE,FALSE,526,178,,,-1,G1,2,-1,mother,-1,-1,FALSE,FALSE,437,6514.07599,2.296727797,2.481961012
Position_23,0,8,FALSE,FALSE,629,194,,,-1,G1,2,-1,mother,-1,-1,FALSE,FALSE,3237,131146.5892,17.01260384,49.9688247
Position_23,0,9,FALSE,FALSE,536,207,,,-1,G1,2,-1,mother,-1,-1,FALSE,FALSE,550,9278.720632,2.890618509,3.535332238
Position_23,0,10,FALSE,FALSE,341,209,,,-1,G1,2,-1,mother,-1,-1,FALSE,FALSE,3727,148981.7433,19.58788215,56.76428688
Position_23,0,11,FALSE,FALSE,403,216,,,-1,G1,2,-1,mother,-1,-1,FALSE,FALSE,2151,70851.92401,11.3049462,26.99564962
Position_23,0,12,FALSE,FALSE,578,240,,,-1,G1,2,-1,mother,-1,-1,FALSE,FALSE,4676,221543.2976,24.57551299,84.41133139
Position_23,0,13,FALSE,FALSE,639,246,,,-1,G1,2,-1,mother,-1,-1,FALSE,FALSE,1374,38093.56849,7.221290602,14.51422304
Position_23,0,14,FALSE,FALSE,529,264,,,-1,G1,2,-1,mother,-1,-1,FALSE,FALSE,439,6192.921863,2.307239137,2.359596455
Position_23,0,15,FALSE,FALSE,552,302,,,-1,G1,2,-1,mother,-1,-1,FALSE,FALSE,3778,168610.6295,19.85592132,64.24318801
Position_23,0,16,FALSE,FALSE,419,428,,,-1,G1,2,-1,mother,-1,-1,FALSE,FALSE,3422,148828.2602,17.98490279,56.7058075
Position_23,0,17,FALSE,FALSE,575,655,,,-1,G1,2,-1,mother,-1,-1,FALSE,FALSE,3292,122128.4542,17.30166569,46.53277952
Position_23,0,18,FALSE,FALSE,583,725,,,-1,G1,2,-1,mother,-1,-1,FALSE,FALSE,6569,381487.4787,34.52449634,145.3524721
Position_23,0,19,FALSE,FALSE,361,779,,,-1,G1,2,-1,mother,-1,-1,FALSE,FALSE,6386,380321.714,33.56270872,144.9082982
Position_23,0,20,FALSE,FALSE,584,787,,,-1,G1,2,-1,mother,-1,-1,FALSE,FALSE,1774,52172.91974,9.323558608,19.87866781
Position_23,0,21,FALSE,FALSE,311,183,,,-1,G1,2,-1,mother,-1,-1,FALSE,FALSE,140,1186.209842,0.735793802,0.451963806
